7.07558,590,480
6.9747,50,480
6.90294,20,480
6.52838,10,480
6.23383,580,480
5.8486,600,480
5.62635,250,480
5.43303,40,480
5.21609,260,480
5.1892,30,480
4.97898,610,480
4.91154,60,480
4.7994,1090,10
4.71975,620,480
4.71146,640,480
4.70271,650,480
4.64651,660,480
4.62778,630,480
4.58954,240,480
4.50106,570,480
4.45364,670,480
4.42389,560,480
4.25449,990,480
4.13677,210,480
4.1164,550,480
4.10798,680,480
4.07107,200,480
4.04942,220,480
4.04313,230,480
3.98629,190,480
3.84847,180,480
3.78893,1090,110
3.7546,690,480
3.74594,590,470
3.7289,1090,100
3.69983,1000,480
3.6991,400,480
3.69268,170,480
3.65313,600,470
3.57131,150,480
3.49257,580,470
3.47701,610,470
3.43198,160,480
3.37606,620,470
3.33988,630,470
3.33484,640,470
3.31203,650,470
3.24517,660,470
3.22455,1090,120
3.13562,390,480
3.12624,250,470
3.11552,670,470
3.04679,570,470
3.0325,240,470
3.01209,20,470
2.90961,680,470
2.90186,230,470
2.8793,30,470
2.85564,260,470
2.85422,40,470
2.84916,1090,20
2.84656,220,470
2.82396,50,470
2.81661,980,480
2.81213,210,470
2.80074,10,470
2.75497,330,480
2.75114,700,480
2.74201,200,470
2.69649,560,470
2.63856,1090,90
2.63554,190,470
2.62018,600,460
2.60377,610,460
2.59302,690,470
2.58226,590,460
2.58092,620,460
2.56572,630,460
2.55091,640,460
2.54906,70,480
2.52116,650,460
2.51955,870,480
2.49701,180,470
2.49604,140,480
2.49192,890,480
2.47196,1090,340
2.46255,660,460
2.44632,580,460
2.39847,880,480
2.37052,320,480
2.36408,670,460
2.36207,900,480
2.34038,60,470
2.32798,170,470
2.28508,1090,130
2.26477,270,470
2.25388,290,480
2.24573,550,470
2.24545,310,480
2.23821,570,460
2.21459,680,460
2.19233,1080,10
2.17987,240,460
2.16001,250,460
2.15217,230,460
2.13089,160,470
2.11635,220,460
2.07257,210,460
2.05131,620,450
2.04725,610,450
2.04689,630,450
2.0397,300,480
2.03822,260,460
2.03382,700,470
2.03332,640,450
2.02716,600,450
2.00927,200,460
2.00651,560,460
2.00526,650,450
1.99645,690,460
1.98773,1090,330
1.97654,590,450
1.96338,280,470
1.95623,660,450
1.92912,860,480
1.92235,190,460
1.89265,1080,110
1.88552,580,450
1.88445,1080,100
1.88018,670,450
1.87152,150,470
1.84294,290,470
1.84114,270,460
1.81235,180,460
1.78791,380,480
1.7857,30,460
1.77142,680,450
1.76877,20,460
1.75998,570,450
1.75282,40,460
1.7486,550,460
1.74789,1080,20
1.74068,280,480
1.7007,300,470
1.69517,510,480
1.69017,700,460
1.67942,170,460
1.67728,630,440
1.67717,620,440
1.67334,410,480
1.6664,640,440
1.66586,610,440
1.66381,240,450
1.66316,280,460
1.66031,230,450
1.65671,990,470
1.6567,50,460
1.65174,1080,120
1.64256,650,440
1.6403,600,440
1.63904,10,460
1.63891,220,450
1.63751,250,450
1.62864,70,470
1.62506,690,450
1.61354,560,450
1.60338,210,450
1.60285,660,440
1.59615,1080,90
1.59596,590,440
1.59546,310,470
1.59264,540,470
1.59237,1090,350
1.5714,260,450
1.55247,200,450
1.54442,670,440
1.5304,580,440
1.52342,290,460
1.52156,390,470
1.51976,160,460
1.49762,880,470
1.49321,320,470
1.49277,870,470
1.48592,520,480
1.48506,190,450
1.48338,540,460
1.4744,270,450
1.47334,400,470
1.46711,270,480
1.46513,680,440
1.45629,550,450
1.44835,1010,480
1.44592,570,440
1.44484,60,460
1.44219,700,450
1.41714,910,480
1.41512,890,470
1.40328,630,430
1.40172,620,430
1.40122,180,450
1.39994,980,470
1.39732,300,460
1.39472,640,430
1.38993,610,430
1.38578,140,470
1.37526,650,430
1.37145,1000,470
1.36883,280,450
1.36685,600,430
1.36461,690,440
1.34816,560,440
1.34367,660,430
1.34008,1070,10
1.33116,590,430
1.32508,230,440
1.32386,240,440
1.32202,710,460
1.31879,150,460
1.31111,220,440
1.30755,860,470
1.30388,250,440
1.30168,540,450
1.30103,170,450
1.29885,670,430
1.29177,520,470
1.2888,530,460
1.28679,330,470
1.28414,210,440
1.2825,580,430
1.27873,310,460
1.26753,530,470
1.26703,290,450
1.26338,260,440
1.24807,1090,260
1.24647,700,440
1.24479,200,440
1.24356,550,440
1.24046,710,450
1.24032,680,430
1.2384,1080,130
1.22225,570,430
1.22037,30,450
1.21685,900,470
1.20629,1070,20
1.20592,270,440
1.20208,40,450
1.19832,1070,100
1.19636,510,470
1.19483,20,450
1.19403,630,420
1.19331,190,440
1.19257,710,470
1.19232,620,420
1.19001,760,480
1.1883,1080,30
1.18797,80,480
1.18721,640,420
1.18357,160,450
1.1821,610,420
1.17795,1070,110
1.17471,1080,80
1.17153,650,420
1.16933,300,450
1.16894,690,430
1.16605,530,450
1.16571,520,460
1.16311,600,420
1.15751,70,460
1.15623,340,480
1.15368,320,460
1.15331,560,430
1.1522,380,470
1.14656,660,420
1.14467,1090,270
1.14027,50,450
1.13887,280,440
1.13882,540,440
1.13511,590,420
1.13014,180,440
1.12051,710,440
1.11705,10,450
1.11487,1070,90
1.1137,1090,80
1.11199,670,420
1.09835,580,420
1.08772,700,430
1.08725,230,430
1.08594,240,430
1.07922,550,430
1.07713,220,430
1.07351,310,450
1.07213,250,430
1.06908,850,480
1.06828,290,440
1.06803,680,420
1.06399,140,460
1.05663,210,430
1.05594,170,440
1.05466,720,450
1.05399,1070,120
1.05382,570,420
1.0477,520,450
1.04764,150,450
1.04576,260,430
1.04222,1090,30
1.039,530,440
1.03736,80,470
1.03295,60,450
1.03035,630,410
1.02897,620,410
1.0265,200,430
1.02603,510,460
1.0248,640,410
1.02072,610,410
1.01569,690,420
1.01218,650,410
1.00864,270,430
1.00851,870,460
1.00702,1070,30
1.00682,880,460
1.00563,600,410
1.0034,540,430
1.0032,560,420
1.00212,710,430
1.00126,720,440
0.996991,300,440
0.995211,330,460
0.993772,720,460
0.992377,660,410
0.987334,190,430
0.983834,590,410
0.975539,320,450
0.972319,1070,80
0.971681,160,440
0.970418,970,480
0.966925,390,460
0.965451,670,410
0.963943,280,430
0.957096,700,420
0.955711,580,410
0.954925,1090,250
0.948522,550,420
0.947413,1060,10
0.943604,520,440
0.941526,970,470
0.939848,180,430
0.939086,890,460
0.935766,850,470
0.931796,680,410
0.928176,530,430
0.927502,860,460
0.925886,510,450
0.925861,310,440
0.922012,570,410
0.919063,720,430
0.916753,770,480
0.916322,730,450
0.914888,290,430
0.912513,230,420
0.912013,240,420
0.911761,1090,320
0.904589,220,420
0.904318,1060,20
0.902801,250,420
0.901603,730,440
0.900346,30,440
0.899743,630,400
0.898799,620,400
0.898295,140,450
0.896955,70,450
0.895429,710,420
0.895115,640,400
0.893077,40,440
0.892364,610,400
0.8923,690,410
0.89172,540,420
0.890831,910,470
0.889226,400,460
0.88876,210,420
0.885157,260,420
0.885035,170,430
0.884871,650,400
0.884433,80,460
0.883816,560,410
0.880562,600,400
0.879895,20,440
0.879527,150,440
0.875863,380,460
0.872067,330,450
0.869039,660,400
0.869018,1090,170
0.86559,200,420
0.863837,300,430
0.863613,590,400
0.860473,1070,130
0.860154,270,420
0.85974,50,440
0.858687,1060,100
0.855157,320,440
0.853912,520,430
0.848423,700,410
0.847794,670,400
0.847288,510,440
0.84455,730,430
0.842381,550,410
0.841895,580,400
0.840873,1060,90
0.839856,760,470
0.835701,190,420
0.834613,940,480
0.83435,720,420
0.834213,530,420
0.834046,740,450
0.831353,10,440
0.831038,1070,70
0.830766,1060,110
0.829667,1060,30
0.829495,280,420
0.828539,500,470
0.826232,740,440
0.825025,1070,40
0.824387,160,430
0.823399,410,470
0.822145,770,470
0.821899,340,470
0.821544,680,400
0.819406,500,460
0.816475,900,460
0.815982,570,400
0.815431,1080,70
0.812403,310,430
0.80417,60,440
0.802105,710,410
0.799861,180,420
0.799735,340,460
0.79893,540,410
0.798438,130,460
0.795071,290,420
0.793989,1060,80
0.793975,730,460
0.793717,630,390
0.793198,620,390
0.791202,750,450
0.790991,690,400
0.789773,640,390
0.788289,610,390
0.786622,560,400
0.786413,760,460
0.786383,330,440
0.785756,1080,140
0.785591,500,450
0.784991,140,440
0.781359,650,390
0.781322,740,430
0.780613,240,410
0.780305,230,410
0.77953,510,430
0.779128,600,390
0.778902,990,460
0.778872,130,470
0.777017,730,420
0.776687,520,420
0.77466,250,410
0.773782,220,410
0.770786,540,480
0.770586,340,450
0.770252,750,440
0.768551,660,390
0.766379,850,460
0.765936,590,390
0.763344,80,450
0.762748,260,410
0.762564,750,460
0.761996,320,430
0.761314,210,410
0.76099,980,460
0.760364,150,430
0.759096,170,420
0.758606,300,420
0.758296,760,450
0.757148,700,400
0.756372,1060,40
0.756185,1060,120
0.755462,720,410
0.755321,130,450
0.75466,550,400
0.754473,530,410
0.753966,770,460
0.751547,670,390
0.749044,580,390
0.745952,870,450
0.745899,500,440
0.745585,270,410
0.744381,390,450
0.743316,200,410
0.742474,1060,70
0.736758,780,480
0.73615,880,450
0.735864,70,440
0.735289,380,450
0.734468,740,460
0.734293,1070,60
0.730703,680,390
0.728894,570,390
0.728236,750,430
0.725852,1050,10
0.725176,740,420
0.724747,340,440
0.724215,280,410
0.724173,1070,50
0.723352,760,440
0.721592,310,420
0.721258,710,400
0.720946,540,400
0.720325,190,410
0.719365,510,420
0.715986,370,460
0.714834,160,420
0.714546,330,430
0.714404,1050,20
0.714059,860,450
0.713043,770,450
0.713029,1080,40
0.712014,1060,50
0.710339,730,410
0.709746,520,410
0.709284,1060,60
0.707943,950,480
0.706556,690,390
0.706365,630,380
0.706214,620,380
0.706033,560,390
0.704348,500,430
0.704306,30,430
0.703826,40,430
0.702932,640,380
0.702538,610,380
0.700716,500,480
0.699854,290,410
0.698208,130,440
0.69699,140,430
0.695923,650,380
0.695463,600,380
0.695209,350,450
0.694956,370,450
0.693036,180,410
0.68917,890,450
0.688093,20,430
0.688029,50,430
0.686815,1050,30
0.68625,530,400
0.685433,320,420
0.685422,660,380
0.685184,590,380
0.684741,400,450
0.684636,720,400
0.68171,760,430
0.681071,550,390
0.681045,1090,140
0.679818,700,390
0.678944,350,440
0.67889,750,420
0.67869,240,400
0.677828,90,460
0.677759,230,400
0.676433,770,440
0.675028,250,400
0.673731,300,410
0.672996,340,430
0.672208,220,400
0.671973,580,380
0.671702,780,470
0.67161,670,380
0.670487,360,450
0.669095,150,420
0.66885,80,440
0.667929,740,410
0.667025,260,400
0.665334,510,410
0.665331,1050,90
0.664879,930,480
0.662889,780,460
0.662659,500,420
0.662621,910,460
0.662355,170,410
0.662195,210,400
0.660242,60,430
0.660155,1050,100
0.658632,90,450
0.656686,1050,40
0.656179,570,380
0.655672,10,430
0.65545,360,440
0.655174,270,400
0.654963,1050,80
0.654778,680,380
0.654634,540,390
0.654362,960,470
0.654194,1070,140
0.651965,380,440
0.651651,330,420
0.651325,710,390
0.651244,520,400
0.651177,370,440
0.648886,780,450
0.648866,1060,130
0.648456,730,400
0.648024,200,400
0.647047,120,450
0.647018,310,410
0.645817,850,450
0.640671,490,440
0.640667,350,430
0.640467,970,460
0.640171,280,400
0.639903,1050,70
0.639885,130,430
0.638782,390,440
0.638343,350,460
0.638215,560,380
0.638183,770,430
0.637071,760,420
0.636089,1050,50
0.635561,90,470
0.635421,750,470
0.635332,690,380
0.63399,920,480
0.633614,620,370
0.633463,630,370
0.63292,1010,470
0.632482,370,470
0.632376,1050,110
0.631446,120,440
0.63104,1050,60
0.630918,610,370
0.630418,640,370
0.63038,490,450
0.630132,190,400
0.62957,490,430
0.629463,160,410
0.628646,750,410
0.627327,530,390
0.626167,70,430
0.62585,780,440
0.625482,600,370
0.624619,140,420
0.62449,650,370
0.622842,290,400
0.621945,720,390
0.621928,500,410
0.621899,340,420
0.620834,320,410
0.619146,360,430
0.61854,550,380
0.617468,590,370
0.616799,90,440
0.616557,510,400
0.615759,660,370
0.614943,920,470
0.614681,900,450
0.613784,700,380
0.613568,740,400
0.609695,1000,460
0.609097,180,400
0.609035,1080,340
0.607748,490,420
0.607654,410,460
0.607097,580,370
0.60696,360,460
0.606109,370,430
0.604376,670,370
0.604063,300,400
0.603806,120,460
0.599725,520,390
0.598753,100,450
0.598447,770,420
0.597877,240,390
0.597635,540,380
0.597556,350,420
0.59734,400,440
0.596504,230,390
0.596265,330,410
0.596042,780,430
0.595879,150,410
0.595828,250,390
0.595159,380,430
0.595144,120,430
0.594644,570,370
0.594118,110,440
0.593257,110,450
0.593223,80,430
0.592468,730,390
0.592327,760,410
0.591668,220,390
0.590714,710,380
0.590569,680,370
0.590553,260,390
0.590443,870,440
0.589848,100,440
0.585656,170,400
0.584705,310,400
0.584705,130,420
0.583953,1040,20
0.583692,1040,10
0.583471,210,390
0.5833,860,440
0.582876,500,400
0.582406,270,390
0.581428,1050,120
0.580832,1080,330
0.580554,490,410
0.580444,750,400
0.580432,560,370
0.579434,40,420
0.578939,360,420
0.57838,390,430
0.576027,880,440
0.575982,530,380
0.575925,30,420
0.575048,1040,30
0.574648,690,370
0.574292,340,410
0.574038,790,440
0.573871,50,420
0.572396,510,390
0.572318,620,360
0.572248,790,450
0.572139,200,390
0.571926,630,360
0.571872,280,390
0.570719,490,460
0.570396,610,360
0.56918,640,360
0.568867,90,430
0.567517,110,430
0.566723,720,380
0.566246,600,360
0.565599,320,400
0.564815,550,370
0.564654,370,420
0.564093,650,360
0.563523,740,390
0.563442,140,410
0.562858,1040,40
0.562423,780,420
0.56235,20,420
0.561778,840,460
0.56152,60,420
0.560728,160,400
0.56001,840,450
0.560002,590,360
0.559531,290,390
0.559072,100,430
0.558914,1090,240
0.558634,770,410
0.558499,850,440
0.558423,480,430
0.558015,190,390
0.557243,950,470
0.556985,700,370
0.556741,480,420
0.556731,660,360
0.556256,790,430
0.555578,350,410
0.554057,520,380
0.553684,100,460
0.552792,1040,50
0.55266,120,420
0.551841,580,360
0.551754,380,420
0.551036,490,400
0.550288,400,430
0.549244,760,400
0.548486,410,450
0.548172,540,370
0.54772,1040,60
0.54751,330,400
0.547488,1040,80
0.547216,670,360
0.547112,1040,70
0.546013,300,390
0.545935,500,390
0.545863,70,420
0.54375,1040,90
0.542653,480,410
0.542369,730,380
0.541982,570,360
0.541558,180,390
0.541522,890,440
0.540176,360,410
0.539029,10,420
0.538883,1080,60
0.537996,710,370
0.537147,480,440
0.53699,960,480
0.536893,390,420
0.535728,680,360
0.535535,750,390
0.535415,150,400
0.534179,130,410
0.532583,240,380
0.532338,510,380
0.531953,310,390
0.531675,250,380
0.531151,80,420
0.531066,340,400
0.531013,110,420
0.530921,1060,140
0.530911,230,380
0.530894,1040,100
0.530886,530,370
0.53068,560,360
0.529436,790,420
0.529282,920,460
0.528402,910,450
0.528334,260,380
0.528059,800,440
0.527595,790,460
0.527496,940,470
0.527425,780,410
0.527357,370,410
0.526621,220,380
0.526282,410,440
0.525639,840,440
0.524998,960,460
0.523344,170,390
0.523276,110,460
0.522818,270,380
0.522498,690,360
0.522042,480,400
0.521844,1080,150
0.521813,800,430
0.521651,90,420
0.520997,490,390
0.52087,100,420
0.52004,620,350
0.519992,770,400
0.519782,210,380
0.519457,630,350
0.519236,930,470
0.518727,610,350
0.518215,550,360
0.518123,740,380
0.518111,720,370
0.518004,400,420
0.517959,320,390
0.516947,640,350
0.516659,350,400
0.515778,380,410
0.515588,600,350
0.515475,280,380
0.513348,520,370
0.51305,1050,130
0.51252,650,350
0.512482,470,420
0.511315,500,380
0.511136,410,430
0.510963,140,400
0.510733,590,350
0.510566,200,380
0.509995,120,410
0.509973,470,410
0.50876,760,390
0.507805,700,360
0.506722,290,380
0.50623,660,350
0.505718,1040,110
0.504888,540,360
0.504575,330,390
0.504334,360,400
0.504304,580,350
0.504064,160,390
0.504042,390,410
0.501482,1090,280
0.500749,800,420
0.499858,800,450
0.499237,190,380
0.498936,790,410
0.4983,480,390
0.498172,670,350
0.497737,730,370
0.49765,830,440
0.497014,300,380
0.497,470,400
0.496568,810,440
0.496477,570,350
0.496314,810,430
0.496111,860,430
0.495947,510,370
0.495644,410,420
0.49558,470,430
0.494344,750,380
0.493764,370,400
0.493046,50,410
0.492739,40,410
0.492733,780,400
0.492456,850,430
0.492456,900,440
0.49243,750,480
0.492301,110,410
0.492238,340,390
0.491952,710,360
0.491498,490,380
0.491429,400,410
0.491006,530,360
0.490767,720,470
0.490739,870,430
0.490422,1070,150
0.489395,60,410
0.488854,1030,20
0.488656,130,400
0.488485,680,350
0.487454,560,350
0.487443,1030,30
0.486977,30,410
0.486816,310,380
0.486148,180,380
0.486038,820,440
0.48483,830,450
0.484785,840,430
0.484511,150,390
0.484482,1030,10
0.484374,380,400
0.484312,460,410
0.483942,70,410
0.483341,770,390
0.482875,1030,40
0.482233,820,430
0.481691,100,410
0.481226,350,390
0.479473,830,430
0.479227,80,410
0.47908,500,370
0.478953,240,370
0.478853,250,370
0.478567,470,390
0.478461,410,410
0.47823,1090,160
0.478144,460,420
0.47781,810,420
0.477778,90,410
0.477618,1030,50
0.477461,550,350
0.477347,690,350
0.477231,740,370
0.477086,230,370
0.476961,460,400
0.476899,260,370
0.476886,520,360
0.476574,320,380
0.475615,390,400
0.475256,720,360
0.47506,20,410
0.47505,620,340
0.47432,630,340
0.474215,610,340
0.473957,880,430
0.4737,800,410
0.473405,480,380
0.473277,270,370
0.473262,420,420
0.473222,220,370
0.473036,1030,60
0.472683,480,450
0.472001,640,340
0.471873,600,340
0.47174,170,380
0.47162,360,390
0.471286,760,380
0.469646,120,400
0.468939,1030,70
0.468244,280,370
0.468113,590,340
0.468099,650,340
0.467912,1040,120
0.467776,420,430
0.467619,790,400
0.467412,210,370
0.467303,400,400
0.467132,450,410
0.466975,420,410
0.466736,540,350
0.466684,330,380
0.465536,140,390
0.464964,700,350
0.464742,1090,180
0.463725,1030,80
0.463318,370,390
0.463139,490,370
0.46305,580,340
0.462842,510,360
0.462708,450,400
0.462657,660,340
0.462444,460,390
0.462101,290,370
0.461453,820,420
0.459854,410,400
0.459783,200,370
0.459636,430,410
0.459392,780,390
0.459087,440,410
0.458774,950,460
0.45802,730,360
0.457531,470,380
0.45747,340,380
0.457116,10,410
0.456886,750,370
0.456825,570,340
0.456606,450,420
0.456524,160,380
0.456144,430,420
0.456112,380,390
0.45575,670,340
0.455543,1080,50
0.455528,530,350
0.455184,300,370
0.455102,930,460
0.454997,1030,90
0.454758,110,400
0.454529,440,400
0.454301,420,400
0.452327,810,450
0.452261,810,410
0.452059,430,400
0.451565,710,350
0.45125,830,420
0.45099,920,450
0.450539,190,370
0.450381,450,390
0.449829,390,390
0.449602,560,340
0.449487,440,420
0.449191,500,360
0.449152,350,380
0.449124,770,380
0.44851,480,370
0.447976,130,390
0.447834,310,370
0.447483,680,340
0.446868,90,480
0.446686,460,430
0.446239,890,430
0.445507,820,450
0.445297,840,420
0.444879,800,400
0.444676,980,450
0.44449,400,390
0.444315,100,400
0.444295,460,380
0.444093,520,350
0.442835,470,440
0.442523,440,390
0.441841,360,380
0.44156,550,340
0.441068,150,380
0.440567,850,420
0.440517,740,360
0.440411,410,390
0.440407,1030,100
0.440383,320,370
0.43998,420,440
0.439947,180,370
0.438649,430,390
0.438202,420,390
0.438063,90,400
0.437994,690,340
0.437661,840,470
0.437387,720,350
0.437369,910,440
0.437026,790,390
0.436926,760,370
0.436915,1080,160
0.436598,940,460
0.436332,1050,140
0.436239,490,360
0.43602,620,330
0.43556,610,330
0.435549,370,380
0.435544,470,370
0.43518,630,330
0.435176,80,400
0.434809,820,410
0.434732,250,360
0.434379,70,400
0.434258,240,360
0.434136,60,400
0.433978,450,380
0.433848,600,330
0.433778,260,360
0.433735,860,420
0.433128,330,370
0.433019,640,330
0.432893,540,340
0.432886,50,400
0.432684,510,350
0.432556,120,390
0.432269,230,360
0.431534,270,360
0.431315,430,430
0.430954,590,330
0.430241,380,380
0.429542,650,330
0.429277,40,400
0.428745,220,360
0.42836,970,450
0.428338,170,370
0.428188,280,360
0.427984,780,380
0.427438,700,340
0.426973,580,330
0.426671,440,380
0.426317,340,370
0.425961,140,380
0.425909,390,380
0.425595,1080,260
0.42478,660,330
0.424687,810,400
0.424527,460,370
0.424276,480,360
0.423965,290,360
0.423802,530,340
0.423721,210,360
0.422983,750,360
0.422658,730,350
0.422642,400,380
0.422334,30,400
0.422248,430,380
0.422105,870,420
0.422019,570,330
0.421552,500,350
0.421244,1060,150
0.420898,830,410
0.420679,410,380
0.420396,420,380
0.420135,350,370
0.419975,1040,130
0.419777,110,390
0.419112,300,360
0.418793,670,330
0.418469,1030,110
0.418161,1020,30
0.4176,450,430
0.417518,770,370
0.417294,200,360
0.416823,1020,40
0.416703,1020,20
0.416345,800,390
0.416225,560,330
0.416089,160,370
0.41599,710,340
0.415652,450,370
0.414704,360,370
0.414492,520,340
0.413885,310,360
0.413825,1020,50
0.413562,470,360
0.41253,440,430
0.411763,130,380
0.411662,680,330
0.411566,20,400
0.411262,1020,10
0.410938,490,350
0.410453,900,430
0.41009,370,370
0.409827,100,390
0.409811,1020,60
0.409735,550,330
0.409618,190,360
0.409364,840,410
0.408986,440,370
0.408532,320,360
0.40803,990,450
0.407958,790,380
0.407591,740,350
0.407007,820,400
0.406337,380,370
0.405605,760,360
0.405169,510,340
0.404705,1020,70
0.404465,430,370
0.404302,460,360
0.404271,880,420
0.403828,720,340
0.403607,150,370
0.403501,390,370
0.403492,690,330
0.403282,330,360
0.402706,540,330
0.402539,90,390
0.401917,620,320
0.401914,420,370
0.40175,610,320
0.40169,400,370
0.40108,410,370
0.401067,480,350
0.400996,630,320
0.400894,180,360
0.400534,600,320
0.39897,640,320
0.398945,120,380
0.398782,780,370
0.398518,850,410
0.398331,340,360
0.398327,590,320
0.398155,930,450
0.39776,1020,80
0.397404,250,350
0.397396,80,390
0.397387,810,390
0.397176,260,350
0.396989,10,400
0.396638,450,360
0.396522,240,350
0.396476,960,450
0.396031,500,340
0.39594,270,350
0.395841,650,320
0.395302,530,330
0.395207,580,320
0.394464,230,350
0.394403,700,330
0.393838,280,350
0.393836,350,360
0.393608,70,390
0.392371,750,350
0.392132,470,350
0.391634,660,320
0.391463,830,400
0.391369,170,360
0.391305,140,370
0.391267,570,320
0.391214,220,350
0.391129,730,340
0.391038,290,350
0.390626,440,360
0.390223,60,390
0.389917,360,360
0.389099,800,380
0.389049,1030,120
0.388755,800,460
0.38853,770,360
0.388146,130,480
0.387845,1020,90
0.387824,110,380
0.387724,300,350
0.387687,520,330
0.387271,490,340
0.386799,210,350
0.38666,370,360
0.386613,560,320
0.386535,860,410
0.386393,670,320
0.386267,50,390
0.386242,430,360
0.385929,920,440
0.385273,120,470
0.384527,710,330
0.384292,460,350
0.384141,380,360
0.384091,310,350
0.383649,100,470
0.383387,420,360
0.382437,390,360
0.381912,410,360
0.381649,400,360
0.381365,550,320
0.381319,160,360
0.381292,200,350
0.38106,830,460
0.380877,40,390
0.380794,790,370
0.380337,890,420
0.380328,320,350
0.380183,680,320
0.380051,820,390
0.380027,510,330
0.379565,130,370
0.379064,480,340
0.378519,100,380
0.378057,740,340
0.377654,450,350
0.377322,840,400
0.377155,760,350
0.376613,330,350
0.375647,540,320
0.374807,190,350
0.374799,950,450
0.374736,790,470
0.374002,720,330
0.373861,1020,100
0.373815,940,450
0.373658,1070,160
0.373417,30,390
0.373104,340,350
0.373082,690,320
0.372483,500,330
0.37227,440,350
0.371984,610,310
0.371924,620,310
0.371912,870,410
0.371864,780,360
0.37156,470,340
0.3714,810,380
0.37116,600,310
0.371039,910,430
0.371038,150,360
0.370948,630,310
0.370919,90,380
0.369934,350,350
0.369594,530,320
0.369501,590,310
0.369041,640,310
0.368703,120,370
0.368137,430,350
0.367559,1080,170
0.367496,180,350
0.367307,460,440
0.367214,360,350
0.367159,420,450
0.367068,580,310
0.366203,650,310
0.365983,1040,140
0.365759,260,340
0.36546,250,340
0.365265,270,340
0.365208,490,330
0.365201,420,350
0.365185,700,320
0.365034,370,350
0.364883,460,340
0.36476,750,340
0.364701,80,380
0.36429,240,340
0.364085,280,340
0.36405,830,390
0.363939,570,310
0.363594,850,400
0.363593,800,370
0.363541,20,390
0.363475,380,350
0.363374,410,350
0.363368,430,440
0.363339,520,320
0.362965,730,330
0.362811,1010,30
0.362796,1010,40
0.362617,390,350
0.362549,400,350
0.362453,660,310
0.362345,290,340
0.3622,230,340
0.362065,770,350
0.360902,1010,50
0.360818,140,360
0.360429,1010,20
0.360199,560,310
0.360187,300,340
0.359542,170,350
0.359391,1080,270
0.359369,70,380
0.359241,1050,150
0.359176,220,340
0.359119,450,340
0.358928,110,370
0.35834,480,330
0.357826,670,310
0.357758,310,340
0.357428,1010,60
0.357016,510,320
0.356594,710,320
0.355947,550,310
0.355674,790,360
0.35524,210,340
0.355206,320,340
0.355129,1020,110
0.35512,1010,10
0.35476,820,380
0.354324,60,380
0.354316,440,340
0.353807,880,410
0.353343,1030,130
0.35267,330,340
0.352371,680,310
0.352342,1010,70
0.352,470,330
0.351726,900,420
0.351717,490,470
0.351544,740,330
0.351365,760,340
0.351285,540,310
0.351217,10,390
0.351147,160,350
0.350926,130,360
0.350757,500,320
0.350482,430,340
0.350444,200,340
0.350319,100,370
0.350278,340,340
0.349233,860,400
0.348947,50,380
0.348909,840,390
0.348144,350,340
0.347591,420,340
0.347415,720,320
0.347192,780,350
0.347159,810,370
0.346365,360,340
0.34632,530,310
0.346286,460,330
0.346282,1080,250
0.34615,690,310
0.345627,610,300
0.3456,930,440
0.34559,410,340
0.345392,620,300
0.345294,1010,80
0.345112,600,300
0.345026,370,340
0.344874,190,340
0.344682,490,320
0.34441,400,340
0.344381,630,300
0.344205,380,340
0.343974,390,340
0.343887,590,300
0.342808,90,370
0.342685,40,380
0.342581,640,300
0.342524,150,350
0.342004,580,300
0.341578,120,360
0.341269,450,330
0.341163,520,310
0.339991,650,300
0.33999,800,360
0.339974,1090,70
0.339858,750,330
0.339525,570,300
0.339235,700,310
0.338969,830,380
0.338904,480,320
0.338645,180,340
0.338576,270,330
0.338523,260,330
0.338081,280,330
0.337973,770,340
0.337842,250,330
0.337754,730,320
0.337135,290,330
0.336992,440,330
0.336624,660,300
0.336522,560,300
0.336471,240,330
0.33646,350,470
0.336191,80,370
0.335923,510,310
0.335847,300,330
0.335757,1010,90
0.335115,30,380
0.334375,230,330
0.334332,310,330
0.334024,850,390
0.333884,140,350
0.333519,470,320
0.333471,430,330
0.333363,870,400
0.333073,550,300
0.332919,110,360
0.332812,920,430
0.332704,320,330
0.332596,790,350
0.332509,670,300
0.332178,890,410
0.33189,170,340
0.331705,710,310
0.331631,1020,120
0.331541,220,330
0.331412,820,370
0.331075,330,330
0.330704,500,310
0.330693,420,330
0.330154,70,370
0.329548,340,330
0.329263,540,300
0.328629,410,330
0.328608,460,320
0.328219,350,330
0.328009,760,330
0.327985,210,330
0.327715,740,320
0.327682,680,300
0.327233,400,330
0.327172,360,330
0.326483,370,330
0.32645,390,330
0.326221,380,330
0.325997,20,380
0.325607,490,310
0.325414,130,350
0.32518,530,300
0.325004,100,360
0.324799,810,360
0.32476,160,340
0.324663,780,340
0.324315,60,370
0.324231,450,320
0.323997,1060,160
0.323747,200,330
0.323713,840,380
0.323646,720,310
0.323227,1010,100
0.322989,470,450
0.322688,450,440
0.322192,690,300
0.322163,610,290
0.32189,600,290
0.321796,620,290
0.321011,590,290
0.320967,480,460
0.320915,520,300
0.320768,630,290
0.320722,480,310
0.320705,910,420
0.320425,440,320
0.320366,440,440
0.319568,580,290
0.319325,940,440
0.319066,640,290
0.31889,190,330
0.318767,860,390
0.318643,1000,40
0.318304,800,350
0.318279,50,370
0.318164,1000,30
0.317794,90,360
0.317612,570,290
0.31741,150,340
0.317391,750,320
0.317325,1000,50
0.317268,120,350
0.317209,430,320
0.31669,650,290
0.316554,510,300
0.316204,830,370
0.316128,470,310
0.316096,700,300
0.316081,770,330
0.31566,1000,20
0.31546,880,400
0.315282,10,380
0.315203,560,290
0.315169,280,320
0.315154,270,320
0.315139,730,310
0.314819,290,320
0.314699,260,320
0.31458,420,320
0.314345,1000,60
0.314189,300,320
0.313742,250,320
0.31365,660,290
0.313499,180,330
0.313377,1030,140
0.313367,310,320
0.312523,410,320
0.312445,320,320
0.312404,550,290
0.312236,240,320
0.312186,500,300
0.311892,460,310
0.311685,40,370
0.311512,330,320
0.311486,790,340
0.311161,80,360
0.311005,400,320
0.310906,1000,10
0.310652,340,320
0.310152,230,320
0.310042,820,360
0.309991,140,340
0.309989,390,320
0.309966,670,290
0.309945,350,320
0.309848,1040,150
0.309688,1000,70
0.309547,110,350
0.309463,360,320
0.309455,710,300
0.309428,380,320
0.309286,540,290
0.309271,370,320
0.30861,850,380
0.308062,450,310
0.30789,490,300
0.307699,900,410
0.307674,170,330
0.307481,220,320
0.307418,1010,110
0.306865,760,320
0.306267,740,310
0.30592,530,290
0.305864,950,440
0.305668,680,290
0.305025,740,470
0.304906,70,360
0.304674,440,310
0.30431,810,350
0.304253,30,370
0.304233,210,320
0.304139,780,330
0.304024,1020,130
0.303742,480,300
0.303193,1000,80
0.30264,130,340
0.302606,870,390
0.302381,520,290
0.302337,720,300
0.302295,100,350
0.301747,430,310
0.301526,160,330
0.301323,840,370
0.301174,610,280
0.30109,600,280
0.300794,690,290
0.30071,620,280
0.300684,960,440
0.300485,590,280
0.300438,200,320
0.299807,470,300
0.299678,630,280
0.299504,930,430
0.299394,580,280
0.299284,420,310
0.298783,60,360
0.29874,510,290
0.298468,800,340
0.298069,640,280
0.29786,570,280
0.297362,810,460
0.297275,410,310
0.297105,750,310
0.296206,770,320
0.296143,190,320
0.296138,460,300
0.295931,560,280
0.295882,650,280
0.295814,20,370
0.295702,400,310
0.295615,830,360
0.29549,90,350
0.295466,120,340
0.295427,890,400
0.295389,700,290
0.295206,970,440
0.295168,150,330
0.295069,500,290
0.29493,290,310
0.294834,280,310
0.294808,730,300
0.294796,300,310
0.294624,1000,90
0.294535,390,310
0.2945,310,310
0.294441,270,310
0.294116,320,310
0.293738,380,310
0.293716,330,310
0.293691,260,310
0.293668,1000,450
0.29366,550,280
0.293369,340,310
0.293271,370,310
0.293269,860,380
0.29314,350,310
0.293123,660,280
0.293088,360,310
0.292779,450,300
0.292538,250,310
0.292537,50,360
0.292229,790,330
0.291435,490,290
0.291412,180,320
0.291105,540,280
0.290943,240,310
0.290573,820,350
0.289809,670,280
0.289761,440,300
0.289707,920,420
0.289501,710,290
0.289054,80,350
0.288885,230,310
0.288712,140,330
0.288544,110,340
0.288386,1010,120
0.288324,530,280
0.287903,820,460
0.287898,480,290
0.287719,760,310
0.287101,430,300
0.286931,740,300
0.286521,850,370
0.286356,220,310
0.286322,10,370
0.286318,170,320
0.285962,680,280
0.285933,40,360
0.285609,810,340
0.285469,780,320
0.285379,520,280
0.285196,880,390
0.285173,1050,160
0.284807,420,300
0.284513,470,290
0.283765,1000,100
0.283361,210,310
0.283184,720,290
0.282874,410,300
0.282859,70,350
0.282459,990,40
0.282378,600,270
0.282329,510,280
0.282316,610,270
0.282257,130,330
0.281989,590,270
0.281908,100,340
0.281833,990,30
0.281782,620,270
0.281613,690,280
0.281499,910,410
0.281477,990,50
0.281375,840,360
0.281326,460,290
0.281289,400,300
0.28118,580,270
0.280943,160,320
0.28076,630,270
0.280375,800,330
0.280031,390,300
0.279986,570,270
0.279925,200,310
0.279508,990,20
0.279239,640,270
0.279234,500,280
0.279072,380,300
0.278946,990,60
0.278782,30,360
0.278769,750,300
0.278652,1010,460
0.278445,560,270
0.278381,370,300
0.278372,450,290
0.278168,770,310
0.277919,360,300
0.277744,1080,320
0.277644,350,300
0.27751,340,300
0.277467,330,300
0.277462,320,300
0.277436,310,300
0.277383,110,470
0.277348,870,380
0.277334,300,300
0.27722,650,270
0.277095,290,300
0.277022,830,350
0.276797,700,280
0.276749,60,350
0.276666,280,300
0.276603,550,270
0.27649,730,290
0.276246,1090,150
0.276147,490,280
0.27608,190,310
0.276038,980,440
0.275993,270,300
0.275882,120,330
0.275679,440,290
0.27555,90,340
0.275403,990,10
0.275373,150,320
0.275031,260,300
0.274858,990,70
0.274707,660,270
0.274693,790,320
0.274507,540,270
0.273741,250,300
0.273556,900,400
0.273424,1020,140
0.273265,430,290
0.27312,480,280
0.272883,820,340
0.272702,940,430
0.272206,530,270
0.272094,240,300
0.271875,180,310
0.271713,670,270
0.271554,710,280
0.271541,860,370
0.271301,1030,150
0.271136,420,290
0.270969,20,360
0.270557,50,350
0.270524,1000,110
0.270376,760,300
0.270198,470,280
0.270071,230,300
0.269749,520,270
0.269688,140,320
0.269645,110,330
0.269471,740,290
0.269421,80,340
0.269293,410,290
0.269144,990,80
0.268581,810,330
0.268498,780,310
0.268256,680,270
0.267727,400,290
0.267667,220,300
0.267419,460,280
0.267364,170,310
0.267187,510,270
0.267156,850,360
0.26654,1010,130
0.266426,890,390
0.266422,390,290
0.265924,720,280
0.265477,600,260
0.265357,380,290
0.265305,610,260
0.265259,590,260
0.264886,210,300
0.264814,450,280
0.264724,620,260
0.264674,580,260
0.264567,500,270
0.264507,370,290
0.26436,690,270
0.264128,40,350
0.263961,130,320
0.263902,800,320
0.26384,360,290
0.263753,570,260
0.26372,630,260
0.263574,100,330
0.26356,840,350
0.263443,70,340
0.263323,350,290
0.262916,340,290
0.262609,160,310
0.262578,330,290
0.262528,560,260
0.262452,10,360
0.262408,440,280
0.262285,640,260
0.262265,320,290
0.262177,750,290
0.261936,490,270
0.261931,310,290
0.261799,770,300
0.261743,200,300
0.261708,990,90
0.261529,300,290
0.261035,550,260
0.261013,290,290
0.260611,880,380
0.260599,930,420
0.260461,1070,170
0.260419,650,260
0.260337,280,290
0.260242,830,340
0.260216,430,280
0.260052,700,270
0.259952,730,280
0.259461,270,290
0.259336,480,270
0.259314,540,260
0.258742,790,310
0.258346,260,290
0.258265,190,300
0.258254,120,320
0.258246,420,280
0.258124,660,260
0.257672,150,310
0.257668,90,330
0.257513,60,340
0.257406,530,260
0.257337,30,350
0.256964,250,290
0.256834,820,330
0.256804,470,270
0.25653,360,470
0.2565,410,280
0.256158,870,370
0.255411,670,260
0.255366,710,270
0.255352,520,260
0.255291,240,290
0.25499,1000,120
0.254972,400,280
0.254793,920,410
0.254653,760,290
0.254486,180,300
0.254373,460,270
0.254098,1040,160
0.253679,740,280
0.253653,390,280
0.253312,230,290
0.253192,510,260
0.253103,810,320
0.253078,780,300
0.252784,860,360
0.252678,980,40
0.252614,140,310
0.252609,110,320
0.252524,380,280
0.252475,990,100
0.252293,680,260
0.25207,450,270
0.252037,980,30
0.251927,980,50
0.251898,80,330
0.251566,950,430
0.251566,370,280
0.251523,50,340
0.251021,220,290
0.250968,500,260
0.250753,360,280
0.250447,170,300
0.250382,910,400
0.250333,720,270
0.250156,600,250
0.250104,20,350
0.250072,850,350
0.25007,590,250
0.250058,350,280
0.249976,980,20
0.249916,440,270
0.249902,610,250
0.249805,980,60
0.249664,580,250
0.249448,340,280
0.249293,620,250
0.248962,570,250
0.248922,800,310
0.248891,330,280
0.248791,690,260
0.248718,490,260
0.248422,210,290
0.248348,320,280
0.248315,630,250
0.247992,560,250
0.247924,430,270
0.247784,310,280
0.247619,840,340
0.24749,130,310
0.247159,300,280
0.247145,750,280
0.24705,100,320
0.246964,640,250
0.246939,770,290
0.246784,550,250
0.246479,980,10
0.246476,480,260
0.246437,290,280
0.246392,900,390
0.246309,980,70
0.246216,70,330
0.246195,160,300
0.246104,420,270
0.245581,280,280
0.245524,200,290
0.245373,40,340
0.245371,540,250
0.245237,650,250
0.2451,830,330
0.24499,730,270
0.244927,700,260
0.244558,270,280
0.244458,410,270
0.244275,470,260
0.244241,790,300
0.243786,530,250
0.243339,260,280
0.243138,660,250
0.242982,400,270
0.242945,890,380
0.242566,1010,140
0.242398,10,350
0.242348,190,290
0.242346,120,310
0.242289,820,320
0.242141,460,260
0.242064,520,250
0.2419,250,280
0.241776,150,300
0.24167,390,270
0.24158,90,320
0.241444,990,110
0.241416,980,80
0.241122,1020,150
0.240727,710,260
0.240674,670,250
0.240557,60,330
0.240509,380,270
0.240389,760,280
0.240239,510,250
0.240221,240,280
0.2402,880,370
0.240099,450,260
0.239481,370,270
0.239371,740,270
0.239067,780,290
0.239048,810,310
0.238979,30,340
0.238919,180,290
0.238568,360,270
0.238345,500,250
0.23829,230,280
0.238166,440,260
0.238104,870,360
0.237856,680,250
0.237746,350,270
0.237455,1000,130
0.237236,140,300
0.237215,110,310
0.23699,340,270
0.236439,860,350
0.236413,490,250
0.236355,430,260
0.23627,330,270
0.236237,590,240
0.236221,600,240
0.236217,720,260
0.236186,80,320
0.236103,220,280
0.235971,580,240
0.235908,610,240
0.235559,320,270
0.235445,570,240
0.23531,800,300
0.235285,620,240
0.235269,170,290
0.235098,980,90
0.234934,850,340
0.234851,50,330
0.234825,310,270
0.234702,690,250
0.234682,560,240
0.234674,420,260
0.234473,480,250
0.234341,630,240
0.234285,1080,350
0.234121,940,420
0.234037,300,270
0.233706,550,240
0.233661,210,280
0.233509,750,270
0.233443,770,280
0.233333,840,330
0.233165,290,270
0.233127,410,260
0.233071,640,240
0.232951,960,430
0.232616,130,300
0.232552,470,250
0.232545,540,240
0.232286,20,340
0.232181,280,270
0.232118,100,310
0.231712,400,260
0.231474,650,240
0.231439,830,320
0.231431,160,290
0.231428,730,260
0.231228,700,250
0.231226,530,240
0.231063,790,290
0.231056,270,270
0.230972,200,280
0.230836,70,320
0.230674,460,250
0.230423,390,260
0.229779,1060,170
0.229779,520,240
0.229768,260,270
0.229552,660,240
0.229252,380,260
0.229116,820,310
0.229032,40,330
0.228899,1030,160
0.228857,450,250
0.228719,990,120
0.228487,930,410
0.228327,990,440
0.228297,250,270
0.228232,510,240
0.228185,370,260
0.228051,970,40
0.228049,190,280
0.227952,120,300
0.227485,970,50
0.227456,710,250
0.227442,150,290
0.227435,760,270
0.227432,970,30
0.227347,980,100
0.227311,670,240
0.227207,360,260
0.227119,440,250
0.22706,90,310
0.226628,240,270
0.226613,500,240
0.226489,920,400
0.226386,740,260
0.226335,780,280
0.226298,350,260
0.226293,810,300
0.225738,970,60
0.225626,970,20
0.225491,60,320
0.22547,430,250
0.225437,340,260
0.225326,910,390
0.22527,10,340
0.224948,490,240
0.224913,180,280
0.224761,680,240
0.22475,230,270
0.224602,330,260
0.224355,900,380
0.223918,420,250
0.223769,320,260
0.223598,590,230
0.223564,890,370
0.223507,600,230
0.223443,580,230
0.223408,720,250
0.223334,140,290
0.22327,110,300
0.223264,480,240
0.223154,610,230
0.223058,570,230
0.223044,30,330
0.222985,880,360
0.222946,800,290
0.222913,310,260
0.222812,970,70
0.222659,220,270
0.222648,970,10
0.222546,870,350
0.222529,620,230
0.222467,410,250
0.222461,560,230
0.222101,860,340
0.222036,80,310
0.222008,300,260
0.221915,690,240
0.221674,550,230
0.221624,630,230
0.221587,170,280
0.221582,470,240
0.221477,850,330
0.221178,770,270
0.221122,750,260
0.221117,400,250
0.221031,290,260
0.220719,540,230
0.22052,840,320
0.220434,640,230
0.220356,210,270
0.220106,50,320
0.219957,280,260
0.219922,460,240
0.219864,390,250
0.21962,530,230
0.219142,130,290
0.219115,830,310
0.21911,730,250
0.219089,790,280
0.218958,650,230
0.218787,700,240
0.218764,270,260
0.218704,970,80
0.2187,380,250
0.218588,100,300
0.2184,520,230
0.21837,1000,140
0.218302,450,240
0.218202,980,110
0.218095,160,280
0.217858,730,470
0.217846,200,270
0.217616,370,250
0.217435,260,260
0.217285,1010,150
0.217198,660,230
0.217193,820,300
0.217085,510,230
0.217029,70,310
0.216851,20,330
0.216734,440,240
0.216599,360,250
0.215952,250,260
0.215696,500,230
0.21566,760,260
0.215633,350,250
0.215397,710,240
0.215231,430,240
0.215159,670,230
0.215139,190,270
0.21489,120,290
0.214762,780,270
0.214726,810,290
0.214703,340,250
0.214638,40,320
0.214584,740,250
0.21452,990,130
0.214466,150,280
0.214304,240,260
0.214257,490,230
0.213913,90,300
0.213798,420,240
0.213788,330,250
0.213527,1050,170
0.213417,970,90
0.21287,320,250
0.21285,680,230
0.212789,480,230
0.212482,230,260
0.212439,410,240
0.212251,180,270
0.21202,590,220
0.212012,60,310
0.21195,580,220
0.211929,310,250
0.211872,600,220
0.211761,720,240
0.211721,800,280
0.211675,570,220
0.211525,970,430
0.211495,610,220
0.21131,470,230
0.211212,560,220
0.211156,400,240
0.210943,300,250
0.210878,620,220
0.210725,140,280
0.210603,110,290
0.210579,550,220
0.210481,220,260
0.210437,10,330
0.21028,690,230
0.210025,770,260
0.210016,630,220
0.209945,390,240
0.209894,290,250
0.209854,750,250
0.209839,460,230
0.209793,540,220
0.209639,950,420
0.209491,850,320
0.209469,860,330
0.209244,80,300
0.209198,170,270
0.209051,30,320
0.209037,870,340
0.209021,840,310
0.208905,640,220
0.208875,530,220
0.208801,380,240
0.208761,280,250
0.208389,450,230
0.208347,1020,160
0.208303,210,260
0.208296,880,350
0.208208,790,270
0.208002,830,300
0.207902,730,240
0.207845,520,220
0.207767,980,120
0.207716,370,240
0.207591,960,40
0.207543,650,220
0.207527,270,250
0.207463,700,230
0.207336,890,360
0.207192,960,50
0.206989,960,30
0.206976,970,100
0.206973,440,230
0.20696,50,310
0.206898,130,280
0.206722,510,220
0.206681,360,240
0.206407,820,290
0.206293,100,290
0.206209,900,370
0.206178,260,250
0.206,160,270
0.205949,200,260
0.205933,660,220
0.205792,960,60
0.205683,350,240
0.205599,430,230
0.205526,500,220
0.205398,960,20
0.204944,760,250
0.204913,910,380
0.204708,340,240
0.204699,250,250
0.204571,70,300
0.204414,710,230
0.204278,490,220
0.204275,420,230
0.204241,810,280
0.204238,780,260
0.204078,670,220
0.203838,740,240
0.203742,330,240
0.203479,920,390
0.203429,190,260
0.203393,960,70
0.20332,20,320
0.20308,240,250
0.203005,120,280
0.203004,410,230
0.202993,480,220
0.202873,940,410
0.202841,960,10
0.202768,320,240
0.202677,150,270
0.202285,930,400
0.201987,680,220
0.20197,90,290
0.201844,40,310
0.201787,400,230
0.20177,310,240
0.201688,470,220
0.201529,800,270
0.201385,590,210
0.201379,580,210
0.201315,230,250
0.201197,600,210
0.201191,570,210
0.201148,720,230
0.200997,430,450
0.200836,560,210
0.200808,610,210
0.200753,180,260
0.200732,300,240
0.200623,390,230
0.200379,460,220
0.200326,550,210
0.200208,620,210
0.200021,1040,170
0.200004,960,80
0.199882,60,300
0.199874,770,250
0.199679,540,210
0.199667,690,220
0.199637,290,240
0.199592,750,240
0.199507,380,230
0.199434,970,110
0.1994,220,250
0.199392,630,210
0.19925,140,270
0.199168,990,140
0.199078,450,220
0.199065,110,280
0.19891,530,210
0.198805,850,310
0.198703,840,300
0.198469,280,240
0.198435,370,230
0.198358,640,210
0.198318,790,260
0.198307,860,320
0.198293,1000,150
0.198036,520,210
0.197984,830,290
0.197935,170,260
0.197794,440,220
0.197684,730,230
0.197634,80,290
0.197436,10,320
0.197397,360,230
0.197334,210,250
0.197244,870,330
0.197214,270,240
0.19713,700,220
0.197104,650,210
0.197075,510,210
0.196654,820,280
0.196641,30,310
0.196537,430,220
0.196384,350,230
0.196217,980,130
0.196042,500,210
0.195861,260,240
0.195739,130,270
0.195662,880,340
0.195642,960,90
0.195633,660,210
0.195386,340,230
0.195313,420,220
0.195181,760,240
0.195159,50,300
0.19512,200,250
0.195089,100,280
0.194988,160,260
0.194953,490,210
0.194738,810,270
0.194662,780,250
0.194581,460,450
0.194397,250,240
0.19439,330,230
0.194389,710,220
0.194184,420,460
0.194124,410,220
0.194039,740,230
0.193948,670,210
0.193824,480,210
0.193606,890,350
0.193382,320,230
0.193283,70,290
0.192972,400,220
0.192815,240,240
0.192763,190,250
0.192669,470,210
0.192351,310,230
0.192278,800,260
0.192159,120,270
0.192055,680,210
0.191929,150,260
0.191858,390,220
0.191633,580,200
0.191591,590,200
0.191548,1010,160
0.191513,570,200
0.1915,460,210
0.191459,720,220
0.191378,600,200
0.191338,20,310
0.191281,300,230
0.191242,560,200
0.191108,230,240
0.191098,900,360
0.191087,90,280
0.190986,610,200
0.190889,970,120
0.190833,550,200
0.190777,380,220
0.190626,770,240
0.190518,950,40
0.190409,620,200
0.190385,40,300
0.190344,960,100
0.190328,450,210
0.190299,540,200
0.190281,950,50
0.190272,180,250
0.190231,750,230
0.19016,290,230
0.189963,690,210
0.189916,950,30
0.189725,370,220
0.189653,530,200
0.189642,630,200
0.189448,840,290
0.189326,790,250
0.189276,850,300
0.189274,220,240
0.189202,950,60
0.189162,440,210
0.188976,280,230
0.18896,830,280
0.188909,520,200
0.188909,60,290
0.188774,140,260
0.188696,360,220
0.188684,640,200
0.188526,110,270
0.188488,950,20
0.188432,860,310
0.188353,730,220
0.18813,910,370
0.188082,510,200
0.188009,430,210
0.18784,820,270
0.187716,270,230
0.187683,350,220
0.187681,700,210
0.187656,170,250
0.187556,1030,170
0.187533,650,200
0.187311,210,240
0.187285,950,70
0.187185,500,200
0.187061,80,280
0.186917,870,320
0.186875,420,210
0.186676,340,220
0.186371,260,230
0.186277,760,230
0.18626,950,10
0.186232,490,200
0.186192,660,200
0.18613,810,260
0.185943,780,240
0.185926,10,310
0.185763,410,210
0.185666,330,220
0.185546,30,300
0.185538,130,260
0.185237,480,200
0.185222,200,240
0.18522,710,210
0.185162,960,420
0.185088,740,220
0.184931,250,230
0.184928,160,250
0.184851,100,270
0.18474,880,330
0.184706,920,380
0.184675,400,210
0.184663,670,200
0.184643,320,220
0.184544,950,80
0.184502,50,290
0.184209,470,200
0.184167,960,110
0.183879,800,250
0.18379,980,140
0.183611,390,210
0.183594,310,220
0.18339,240,230
0.183162,460,200
0.183054,990,150
0.183012,70,280
0.18301,190,240
0.182954,680,200
0.182628,580,190
0.182594,720,210
0.182568,380,210
0.182559,570,190
0.182552,590,190
0.18251,300,220
0.182355,560,190
0.182325,600,190
0.182234,120,260
0.182194,770,230
0.182102,450,200
0.182098,150,250
0.182027,550,190
0.181939,610,190
0.181908,890,340
0.181742,230,230
0.18168,750,220
0.181584,540,190
0.181544,370,210
0.181484,970,130
0.18139,620,190
0.18138,290,220
0.181152,840,280
0.181148,790,240
0.181141,90,270
0.18107,690,200
0.18104,440,200
0.181039,530,190
0.18101,930,390
0.181001,950,90
0.180837,830,270
0.180782,850,290
0.180681,180,240
0.180674,630,190
0.180634,20,300
0.180533,360,210
0.180403,520,190
0.18038,980,430
0.180193,280,220
0.180053,40,290
0.179985,220,230
0.179981,430,200
0.17988,820,260
0.179815,730,210
0.179789,640,190
0.179693,860,300
0.179688,510,190
0.179529,350,210
0.17918,140,250
0.179021,700,200
0.17894,270,220
0.178936,60,280
0.178929,420,200
0.178906,500,190
0.178875,110,260
0.178736,650,190
0.178526,340,210
0.178415,900,350
0.178333,810,250
0.178244,170,240
0.178144,760,220
0.178118,210,230
0.178068,490,190
0.177999,780,230
0.177889,410,200
0.177862,870,310
0.17784,940,400
0.177815,1000,160
0.177612,260,220
0.177517,660,190
0.177515,330,210
0.177472,950,410
0.177401,80,270
0.177199,960,120
0.177186,480,190
0.176898,740,210
0.176861,400,200
0.176816,710,200
0.176696,950,100
0.176488,320,210
0.176268,470,190
0.176254,800,240
0.176217,940,40
0.176203,1020,170
0.176203,250,220
0.176186,130,250
0.176141,200,230
0.176141,940,50
0.176134,670,190
0.175847,390,200
0.175706,160,240
0.175645,10,300
0.175591,940,30
0.175555,30,290
0.175469,100,260
0.175437,310,210
0.175361,940,60
0.175326,460,190
0.17527,880,320
0.174845,380,200
0.174829,50,280
0.174706,240,220
0.174593,680,190
0.174498,770,220
0.174468,720,200
0.174365,450,190
0.174351,300,210
0.174289,580,180
0.174277,940,20
0.174258,570,180
0.174233,910,360
0.174191,590,180
0.174107,560,180
0.174059,190,230
0.173958,600,180
0.173882,940,70
0.173857,750,210
0.173852,370,200
0.173842,550,180
0.173725,840,270
0.173706,790,230
0.173632,70,270
0.173585,610,180
0.173532,830,260
0.173474,540,180
0.173394,440,190
0.173223,290,210
0.173219,850,280
0.173126,120,250
0.173117,230,220
0.173078,150,240
0.173068,620,180
0.173011,530,180
0.172902,690,190
0.172865,360,200
0.172694,820,250
0.172464,520,180
0.172418,430,190
0.172403,630,180
0.172299,940,10
0.172045,280,210
0.172025,90,260
0.171989,730,200
0.171966,860,290
0.171897,890,330
0.171878,350,200
0.171875,180,230
0.171843,510,180
0.171719,940,80
0.171685,950,110
0.171591,640,180
0.171473,1080,240
0.171442,420,190
0.171434,220,220
0.1714,970,140
0.171271,810,240
0.171157,500,180
0.171066,700,190
0.171001,20,290
0.170887,340,200
0.170807,270,210
0.170772,980,150
0.170754,780,220
0.170707,760,210
0.170685,40,280
0.170632,650,180
0.170468,410,190
0.170417,490,180
0.170369,140,240
0.170011,110,250
0.169924,870,300
0.169885,330,200
0.169835,60,270
0.169656,210,220
0.169631,480,180
0.169595,170,230
0.169557,960,130
0.169527,660,180
0.169505,260,210
0.169498,400,190
0.169391,740,200
0.169331,920,370
0.169328,800,230
0.169098,710,190
0.168898,940,90
0.168866,320,200
0.168809,470,180
0.168547,80,260
0.168534,390,190
0.168281,670,180
0.16813,250,210
0.167957,460,180
0.167821,310,200
0.167783,200,220
0.167713,900,340
0.167589,130,240
0.167573,380,190
0.167463,770,210
0.167227,160,230
0.167084,840,260
0.167083,450,180
0.167054,880,310
0.167005,720,190
0.166968,830,250
0.166929,790,220
0.166897,680,180
0.166849,100,250
0.166744,300,200
0.166688,750,200
0.16668,240,210
0.166614,370,190
0.1666,990,160
0.166553,580,170
0.166549,570,170
0.166503,30,280
0.166496,850,270
0.166442,590,170
0.166437,560,170
0.166393,10,290
0.166223,550,170
0.16621,600,170
0.16621,820,240
0.166193,440,180
0.166167,1010,170
0.166044,950,120
0.166008,50,270
0.165914,540,170
0.165855,610,170
0.165818,190,220
0.165655,360,190
0.165628,290,200
0.165519,530,170
0.165457,940,100
0.165383,690,180
0.165372,620,170
0.165292,430,180
0.16515,230,210
0.165145,860,280
0.165046,520,170
0.165038,70,260
0.164876,810,230
0.164802,730,190
0.164777,150,230
0.164761,630,170
0.164747,120,240
0.164691,350,190
0.164503,510,170
0.164466,280,200
0.164384,420,180
0.164281,930,50
0.164196,930,40
0.16414,780,210
0.164019,640,170
0.163898,500,170
0.163895,760,200
0.16378,930,60
0.163764,180,220
0.163762,930,380
0.163745,700,180
0.163719,340,190
0.163646,90,250
0.163538,220,210
0.163527,930,30
0.163472,410,180
0.163316,890,320
0.163251,270,200
0.16324,490,170
0.16315,650,170
0.163035,800,220
0.162975,870,290
0.162733,330,190
0.162699,930,70
0.162669,910,350
0.162556,400,180
0.162537,480,170
0.162498,740,190
0.162284,930,20
0.162278,20,280
0.162253,140,230
0.162153,660,170
0.162149,40,270
0.161993,710,180
0.161978,260,200
0.161851,110,240
0.161843,210,210
0.161796,470,170
0.161728,320,190
0.161639,390,180
0.161625,170,220
0.161499,60,260
0.161446,940,110
0.161384,960,140
0.161156,840,250
0.161076,830,240
0.161055,930,80
0.161034,670,170
0.161026,770,200
0.161023,460,170
0.160852,970,150
0.160752,790,210
0.16072,380,180
0.160698,310,190
0.160643,250,200
0.160533,850,260
0.160489,930,10
0.160408,80,250
0.160362,820,230
0.160225,450,170
0.160137,720,180
0.160109,750,190
0.160065,200,210
0.159933,880,300
0.159871,950,130
0.159797,370,180
0.159796,680,170
0.159664,130,230
0.159637,300,190
0.159407,160,220
0.159407,440,170
0.159376,570,160
0.159362,580,160
0.159293,560,160
0.159245,590,160
0.15924,240,200
0.159139,860,270
0.159118,550,160
0.159084,810,220
0.159021,600,160
0.158908,100,240
0.15887,930,90
0.158869,360,180
0.158857,540,160
0.158687,610,160
0.158661,900,330
0.158573,430,170
0.158539,290,190
0.158516,530,160
0.158447,690,170
0.158258,30,270
0.158241,620,160
0.158207,190,210
0.158188,730,180
0.158104,520,160
0.158095,780,200
0.158013,10,280
0.157932,50,260
0.157932,350,180
0.157883,940,390
0.157768,230,200
0.157727,420,170
0.157682,630,160
0.157646,760,190
0.157626,510,160
0.157586,970,420
0.157521,1000,170
0.157469,980,160
0.157399,280,190
0.157313,800,210
0.157138,70,250
0.157117,150,220
0.157089,500,160
0.157017,120,230
0.15701,640,160
0.156992,700,170
0.156983,340,180
0.156934,940,120
0.15691,870,280
0.156871,410,170
0.156703,920,360
0.156502,490,160
0.15627,180,210
0.156226,650,160
0.156224,220,200
0.156212,270,190
0.156182,930,100
0.156158,740,180
0.156018,330,180
0.156007,400,170
0.155964,890,310
0.155925,90,240
0.155873,840,240
0.155869,480,160
0.155792,830,230
0.155442,710,170
0.155332,660,160
0.155257,850,250
0.155198,470,160
0.155136,390,170
0.155126,770,190
0.155117,790,200
0.155088,820,220
0.155033,320,180
0.154974,260,190
0.154759,140,220
0.154607,210,200
0.154494,460,160
0.154337,40,260
0.154334,20,270
0.154332,670,160
0.154318,110,230
0.15431,920,50
0.154259,170,210
0.154258,380,170
0.15407,920,60
0.154065,920,40
0.154058,750,180
0.154023,310,180
0.15387,860,260
0.153838,60,250
0.153835,810,210
0.153804,720,170
0.153781,880,290
0.153763,450,160
0.153679,250,190
0.153572,370,480
0.153371,370,170
0.153353,920,70
0.153334,920,30
0.153282,950,140
0.153231,680,160
0.153037,930,110
0.153022,910,340
0.153008,440,160
0.152984,300,180
0.152918,200,200
0.152906,80,240
0.152846,960,150
0.152795,950,400
0.15269,570,150
0.152665,580,150
0.152627,560,150
0.152561,780,190
0.152548,590,150
0.152482,550,150
0.152475,360,170
0.152341,130,220
0.152336,600,150
0.152325,240,190
0.152259,540,150
0.152234,430,160
0.152177,160,210
0.152172,920,80
0.152127,920,20
0.152105,800,200
0.152091,730,170
0.152035,690,160
0.152028,610,150
0.152001,940,130
0.151962,530,150
0.15191,290,180
0.151904,760,180
0.151639,870,270
0.15162,620,150
0.1516,520,150
0.151574,100,230
0.151568,350,170
0.151444,420,160
0.151176,510,150
0.151173,840,230
0.151157,190,200
0.151114,630,150
0.151057,830,220
0.151053,960,410
0.151004,900,320
0.150909,230,190
0.150797,280,180
0.15075,700,160
0.150714,30,260
0.150697,500,150
0.150646,340,170
0.15064,410,160
0.150602,850,240
0.150551,920,90
0.150511,50,250
0.150508,640,150
0.150459,920,10
0.15038,10,270
0.150332,820,210
0.150313,740,170
0.150229,990,170
0.150168,490,150
0.150071,970,160
0.150029,150,210
0.149967,790,190
0.149869,120,220
0.149855,70,240
0.149824,400,160
0.149806,650,150
0.149781,930,370
0.149708,770,180
0.149706,330,170
0.149685,890,300
0.149642,270,180
0.149596,480,150
0.149492,930,120
0.14943,220,190
0.149386,710,160
0.149328,180,200
0.149266,860,250
0.149075,810,200
0.149009,660,150
0.148997,390,160
0.148985,470,150
0.148957,1040,180
0.14879,90,230
0.148745,320,170
0.148596,1030,180
0.148524,920,100
0.148492,880,280
0.148484,750,170
0.148439,260,180
0.148341,460,150
0.148159,380,160
0.148122,670,150
0.147952,720,160
0.147888,210,190
0.147821,140,210
0.14776,310,170
0.147668,450,150
0.147487,780,180
0.147432,170,200
0.14736,800,190
0.147348,110,220
0.147309,370,160
0.147187,250,180
0.147159,40,250
0.147148,680,150
0.147084,870,260
0.147065,20,260
0.146999,840,220
0.14697,440,150
0.146816,830,210
0.146775,60,240
0.146745,300,170
0.146743,940,140
0.146616,760,170
0.146509,850,230
0.146458,730,160
0.146447,570,140
0.146446,360,160
0.146417,580,140
0.146407,950,150
0.146399,560,140
0.146316,920,350
0.146305,590,140
0.146281,200,190
0.146275,550,140
0.14625,430,150
0.146132,920,110
0.14611,600,140
0.146095,690,150
0.146081,540,140
0.146041,820,200
0.145972,80,230
0.145917,910,60
0.145911,910,50
0.145882,240,180
0.145828,610,140
0.14582,530,140
0.145723,1020,180
0.145699,290,170
0.145617,930,130
0.14557,350,160
0.145557,130,210
0.145531,910,70
0.145511,420,150
0.145506,910,40
0.145498,520,140
0.145473,160,200
0.14546,620,140
0.14533,1080,280
0.145264,860,240
0.145254,790,180
0.145119,510,140
0.145006,630,140
0.144975,910,330
0.144969,700,150
0.144915,740,160
0.144785,100,220
0.144767,910,80
0.144755,410,150
0.144754,810,190
0.144725,770,170
0.144699,910,30
0.144688,500,140
0.144676,340,160
0.144616,280,170
0.144611,190,190
0.144548,900,310
0.144522,230,180
0.144465,640,140
0.144352,890,290
0.14421,490,140
0.144193,980,170
0.144139,1050,180
0.144119,960,160
0.143984,400,150
0.143977,880,270
0.143841,650,140
0.143834,1070,260
0.143782,30,250
0.143778,710,150
0.143764,330,160
0.143689,480,140
0.143669,50,240
0.143649,910,90
0.143613,1000,440
0.143498,910,20
0.143495,270,170
0.143455,150,200
0.143424,920,120
0.143393,10,260
0.143337,750,160
0.143297,840,210
0.143243,120,210
0.143198,390,150
0.143176,870,250
0.143136,660,140
0.143131,470,140
0.143122,70,230
0.143105,220,180
0.143028,800,180
0.143017,830,200
0.142921,850,220
0.14288,180,190
0.14283,320,160
0.142824,780,170
0.142539,460,140
0.142532,720,150
0.142399,380,150
0.142354,670,140
0.14233,260,170
0.142205,910,100
0.142183,90,220
0.142166,820,190
0.142004,940,380
0.141917,450,140
0.141915,910,10
0.141894,1010,180
0.141872,310,160
0.141803,860,230
0.141737,760,160
0.141633,210,180
0.141585,370,150
0.1415,680,140
0.14149,930,140
0.141381,140,200
0.141269,440,140
0.141263,940,150
0.141242,730,150
0.141121,250,170
0.141089,170,190
0.140932,790,170
0.140886,300,160
0.140884,110,210
0.140824,810,180
0.140756,360,150
0.140609,570,130
0.140597,430,140
0.14058,690,140
0.140579,580,130
0.140569,560,130
0.14054,40,240
0.140477,590,130
0.140473,910,110
0.140462,550,130
0.140461,920,130
0.140384,20,250
0.140299,600,130
0.14029,540,130
0.140244,60,230
0.140161,880,260
0.140129,770,160
0.140103,200,180
0.140057,530,130
0.140047,610,130
0.140016,840,200
0.139918,740,150
0.139911,350,150
0.139904,420,140
0.13987,290,160
0.139864,240,170
0.139862,890,280
0.139852,870,240
0.139786,850,210
0.139767,520,130
0.139718,620,130
0.139612,830,190
0.139602,700,140
0.139547,80,220
0.139425,510,130
0.139383,950,160
0.139315,630,130
0.139287,970,170
0.139258,130,200
0.139242,160,190
0.139192,410,140
0.139139,900,300
0.139065,800,170
0.139064,900,60
0.139047,340,150
0.139034,500,130
0.138983,900,70
0.138837,640,130
0.138831,860,220
0.138827,900,50
0.13882,280,160
0.13866,820,180
0.138598,490,130
0.138597,900,80
0.138574,750,150
0.138572,710,140
0.138558,230,170
0.138531,780,160
0.138517,190,180
0.138496,910,120
0.138484,100,210
0.138463,400,140
0.138452,930,360
0.138287,650,130
0.138284,910,320
0.138263,900,40
0.138164,330,150
0.138122,480,130
0.137955,1000,180
0.137928,900,90
0.137777,920,340
0.137733,270,160
0.137717,390,140
0.137669,660,130
0.137609,470,130
0.137502,720,140
0.13739,30,240
0.137371,900,30
0.137342,50,230
0.137342,150,190
0.137308,920,140
0.13726,320,150
0.137241,810,170
0.137223,760,150
0.137203,220,170
0.137198,930,150
0.13711,840,190
0.137087,120,200
0.137062,460,130
0.137055,870,230
0.137054,850,200
0.137002,900,100
0.136987,670,130
0.136976,880,250
0.136968,10,250
0.136958,790,160
0.136954,380,140
0.136882,70,220
0.136876,180,180
0.136608,260,160
0.136556,830,180
0.136485,450,130
0.136401,730,140
0.136331,310,150
0.136327,910,130
0.136294,860,210
0.136245,680,130
0.136175,370,140
0.136152,900,20
0.13613,890,270
0.136048,90,210
0.135882,440,130
0.135881,770,150
0.135854,900,110
0.135796,210,170
0.135673,940,160
0.135481,820,170
0.13545,690,130
0.135442,250,160
0.135429,800,160
0.135392,140,190
0.135381,960,170
0.13538,360,140
0.135375,300,150
0.135281,740,140
0.135253,430,130
0.135183,170,180
0.135142,570,120
0.135115,580,120
0.135105,560,120
0.135024,590,120
0.135008,550,120
0.134875,110,200
0.134868,600,120
0.134853,540,120
0.134731,870,220
0.134677,850,190
0.134653,900,290
0.134645,610,120
0.134642,530,120
0.134618,900,10
0.134608,700,130
0.134603,420,130
0.134566,350,140
0.134565,780,150
0.134532,840,180
0.13452,900,120
0.134418,40,230
0.13439,290,150
0.134379,520,120
0.134362,880,240
0.134356,620,120
0.134339,200,170
0.134336,990,180
0.134233,240,160
0.134222,20,240
0.13419,60,220
0.134155,750,140
0.134143,860,200
0.134067,510,120
0.134037,920,150
0.13402,910,140
0.134002,630,120
0.133965,810,160
0.133931,410,130
0.133826,950,390
0.133806,830,170
0.133734,340,140
0.13373,710,130
0.133709,500,120
0.133585,640,120
0.13358,80,210
0.133503,890,70
0.133461,890,80
0.133438,160,180
0.133395,130,190
0.133373,280,150
0.13331,490,120
0.133304,890,60
0.133292,790,150
0.133241,400,130
0.133197,890,90
0.133107,650,120
0.133081,890,260
0.133048,900,130
0.133037,760,140
0.132997,1070,330
0.13298,230,160
0.132943,990,430
0.132881,330,140
0.132871,480,120
0.132849,890,50
0.132831,190,170
0.132829,930,160
0.132829,870,210
0.132823,720,130
0.132759,910,310
0.132735,890,100
0.132625,100,200
0.13261,850,180
0.132588,820,160
0.132571,660,120
0.132532,390,130
0.132397,470,120
0.132351,950,170
0.132331,860,190
0.132323,270,150
0.132263,880,230
0.13224,840,170
0.132129,890,40
0.132106,890,110
0.132082,800,150
0.132006,320,140
0.131982,670,120
0.131944,770,140
0.131898,730,130
0.13189,460,120
0.131805,380,130
0.131682,220,160
0.131646,150,180
0.131638,910,150
0.131484,900,140
0.131476,30,230
0.131475,50,220
0.131356,120,190
0.131353,450,120
0.131345,680,120
0.131344,890,120
0.131322,830,160
0.131299,870,200
0.131275,180,170
0.131238,260,150
0.131235,980,180
0.131142,890,30
0.131108,310,140
0.131084,70,210
0.13106,370,130
0.131039,10,240
0.130991,900,280
0.130967,740,130
0.130958,810,150
0.130891,780,140
0.130812,860,180
0.130809,850,170
0.130788,440,120
0.130784,920,330
0.130723,920,160
0.130666,690,120
0.130651,890,250
0.130626,880,220
0.130488,890,130
0.130341,90,200
0.130338,210,160
0.130297,360,130
0.130288,1060,180
0.130199,430,120
0.130194,840,160
0.130183,300,140
0.130115,250,150
0.130094,870,190
0.130084,940,170
0.130044,750,130
0.130013,570,110
0.129993,580,110
0.129976,560,110
0.129953,700,120
0.129943,820,150
0.129917,590,110
0.129899,790,140
0.129888,890,20
0.129885,550,110
0.129884,900,150
0.129808,140,180
0.129782,600,110
0.129742,540,110
0.12967,170,170
0.12959,610,110
0.129587,420,120
0.129584,890,140
0.129548,530,110
0.129541,860,170
0.129515,350,130
0.1294,880,210
0.129388,940,370
0.12934,620,110
0.129306,520,110
0.129299,880,90
0.12929,930,350
0.129278,110,190
0.129255,880,100
0.129245,910,160
0.129233,850,160
0.129231,290,140
0.129214,710,120
0.129197,880,80
0.129165,870,180
0.129144,760,130
0.129092,880,110
0.129065,830,150
0.129034,630,110
0.129019,510,110
0.128989,800,140
0.128953,240,150
0.128952,410,120
0.128949,200,160
0.128925,880,70
0.12884,880,120
0.128783,890,240
0.128739,40,220
0.128722,970,180
0.128713,340,130
0.128689,500,110
0.128676,890,150
0.128675,640,110
0.128563,60,210
0.128537,880,130
0.128536,880,200
0.128518,20,230
0.128478,930,170
0.128475,860,160
0.128467,870,170
0.128465,880,60
0.128459,720,120
0.128374,890,10
0.128353,840,150
0.12832,490,110
0.128302,900,160
0.128298,400,120
0.128281,770,130
0.128264,650,110
0.128253,910,300
0.128249,280,140
0.128221,880,140
0.128185,810,140
0.12807,900,270
0.128026,80,200
0.12802,160,170
0.127985,880,190
0.127955,870,160
0.127933,880,150
0.127927,130,180
0.127913,480,110
0.127891,330,130
0.127843,850,150
0.127815,890,160
0.127806,660,110
0.127803,880,50
0.127751,230,150
0.127719,880,160
0.127698,730,120
0.127697,880,180
0.127624,880,170
0.127623,390,120
0.127585,870,150
0.127572,860,150
0.127515,190,160
0.127511,820,140
0.127476,780,130
0.127472,470,110
0.127445,920,170
0.127421,890,230
0.127313,870,140
0.127305,670,110
0.127236,270,140
0.127164,100,190
0.1271,870,130
0.127052,890,170
0.127047,320,130
0.127,460,110
0.127,830,140
0.126944,740,120
0.126931,880,40
0.12693,380,120
0.126907,910,170
0.126906,870,120
0.126802,960,180
0.126795,900,170
0.126792,860,140
0.126766,680,110
0.126747,790,130
0.126697,870,110
0.126683,840,140
0.126599,850,140
0.126515,890,220
0.126508,220,150
0.126498,450,110
0.12644,870,100
0.126438,890,180
0.126379,960,400
0.126326,150,170
0.126218,370,120
0.12621,750,120
0.126196,690,110
0.126189,260,140
0.126179,310,130
0.126117,800,130
0.126106,870,90
0.126099,860,130
0.126036,180,160
0.126026,890,190
0.126019,50,210
0.126014,890,210
0.126008,120,180
0.125987,30,220
0.125969,440,110
0.125867,890,200
0.125843,880,30
0.125822,900,260
0.125685,70,200
0.125669,870,80
0.125612,810,130
0.125603,700,110
0.125547,10,230
0.125511,760,120
0.125486,360,120
0.125467,850,130
0.125455,860,120
0.125445,950,180
0.125423,900,180
0.125415,430,110
0.125286,300,130
0.12526,820,130
0.125224,210,150
0.125195,570,100
0.125184,580,100
0.125155,560,100
0.125148,840,130
0.125123,590,100
0.125109,250,140
0.125108,870,70
0.125103,920,320
0.125093,830,130
0.125067,550,100
0.125019,90,190
0.125012,600,100
0.124994,710,110
0.124931,540,100
0.124864,770,120
0.12485,610,100
0.124837,420,110
0.124828,860,110
0.12475,530,100
0.124735,350,120
0.124689,910,180
0.124645,910,290
0.124639,620,100
0.124605,940,180
0.124591,140,170
0.12454,880,20
0.124525,520,100
0.124515,170,160
0.124412,850,120
0.124405,870,60
0.12438,630,100
0.12438,720,110
0.124367,290,130
0.124288,780,120
0.124277,920,180
0.124258,510,100
0.124242,900,190
0.124237,410,110
0.124233,930,180
0.124189,860,100
0.124183,900,250
0.124076,640,100
0.124053,110,180
0.123992,240,140
0.123964,340,120
0.123951,500,100
0.123899,200,150
0.123804,790,120
0.123771,730,110
0.123729,650,100
0.123716,840,120
0.123615,400,110
0.123607,490,100
0.123548,870,50
0.123509,860,90
0.123457,40,210
0.123436,800,120
0.12342,280,130
0.123405,850,110
0.123344,660,100
0.12332,60,200
0.123314,830,120
0.123308,900,200
0.123264,980,420
0.123228,480,100
0.123221,20,220
0.123211,810,120
0.12318,740,110
0.123173,330,120
0.123158,820,120
0.1231,900,240
0.123025,880,10
0.122974,390,110
0.122952,160,160
0.122926,670,100
0.122846,80,190
0.12284,230,140
0.122818,130,170
0.122817,470,100
0.122765,860,80
0.122675,900,210
0.122656,910,190
0.122621,750,110
0.122533,190,150
0.122526,870,40
0.122521,900,230
0.122479,680,100
0.122443,270,130
0.122415,850,100
0.122396,900,220
0.122375,460,100
0.122359,320,120
0.122359,840,110
0.122312,380,110
0.122109,760,110
0.122065,100,180
0.12201,690,100
0.121937,860,70
0.121913,930,340
0.121904,450,100
0.121843,910,280
0.121816,970,410
0.121662,770,110
0.12165,220,140
0.121633,830,110
0.121631,370,110
0.121528,700,100
0.121522,310,120
0.121436,260,130
0.121419,850,90
0.121406,440,100
0.121349,150,160
0.121334,870,30
0.1213,780,110
0.121294,920,190
0.121178,820,110
0.121128,180,150
0.121048,840,100
0.121043,790,110
0.12104,710,100
0.121008,860,60
0.121008,120,170
0.120952,810,110
0.120935,50,200
0.12093,360,110
0.120918,800,110
0.120883,430,100
0.12088,30,210
0.120869,910,200
0.120663,580,90
0.120662,570,90
0.120662,300,120
0.120647,70,190
0.120619,590,90
0.120618,560,90
0.120556,720,100
0.120549,920,310
0.120531,600,90
0.120529,550,90
0.120445,10,220
0.120423,210,140
0.120399,610,90
0.120398,540,90
0.120397,250,130
0.120392,850,80
0.120337,420,100
0.120226,530,90
0.120225,620,90
0.12021,350,110
0.12018,930,190
0.120089,730,100
0.120047,90,180
0.120025,830,100
0.120014,520,90
0.120012,630,90
0.119971,870,20
0.119965,860,50
0.119775,290,120
0.119769,910,270
0.119768,410,100
0.119763,510,90
0.11976,640,90
0.119759,840,90
0.119709,140,160
0.119683,170,150
0.119649,740,100
0.11959,1000,190
0.119475,500,90
0.119474,650,90
0.119469,340,110
0.119403,1010,190
0.11939,940,360
0.119387,910,210
0.119339,940,190
0.119325,240,130
0.119317,850,70
0.119295,820,100
0.119264,990,190
0.119252,750,100
0.119222,950,380
0.119177,400,100
0.119166,110,170
0.119159,200,140
0.119158,660,90
0.119153,490,90
0.11911,1070,250
0.118914,760,100
0.118863,280,120
0.11885,980,190
0.118817,670,90
0.118812,810,100
0.118798,860,40
0.118798,480,90
0.118788,950,190
0.118707,330,110
0.118651,770,100
0.118572,970,190
0.118566,390,100
0.118563,920,200
0.118538,800,100
0.118536,960,190
0.118532,40,200
0.118486,780,100
0.118471,840,80
0.118466,830,90
0.118455,680,90
0.118439,790,100
0.118438,870,10
0.118426,60,190
0.118411,470,90
0.118356,910,260
0.118291,20,210
0.118264,910,220
0.11822,230,130
0.118201,160,150
0.118176,850,60
0.118081,690,90
0.118034,130,160
0.118003,80,180
0.117995,460,90
0.117935,380,100
0.117924,320,110
0.117923,270,120
0.117895,1020,190
0.117858,190,140
0.117702,700,90
0.117552,450,90
0.117551,910,230
0.117549,910,250
0.1175,860,30
0.117484,820,90
0.117326,710,90
0.117297,910,240
0.117293,100,170
0.117283,370,100
0.117165,840,70
0.117118,310,110
0.117082,440,90
0.117081,220,130
0.116982,920,300
0.116964,720,90
0.116956,850,50
0.116954,260,120
0.116934,830,80
0.116767,810,90
0.116683,150,150
0.116626,730,90
0.116612,360,100
0.116588,430,90
0.11652,180,140
0.116405,580,80
0.116398,930,200
0.116392,570,80
0.116379,590,80
0.116341,560,80
0.116326,740,90
0.116325,120,160
0.116314,600,80
0.116289,300,110
0.116274,800,90
0.11625,550,80
0.116212,610,80
0.116186,50,190
0.116149,920,210
0.116121,540,80
0.116116,30,200
0.116079,750,90
0.116075,620,80
0.11607,420,90
0.116068,860,20
0.116028,930,330
0.115969,790,90
0.115955,250,120
0.115955,530,80
0.115935,70,180
0.115921,350,100
0.115908,210,130
0.115904,630,80
0.1159,760,90
0.115824,840,60
0.115823,780,90
0.115807,770,90
0.115753,520,80
0.115726,820,80
0.115703,640,80
0.115692,10,210
0.115646,850,40
0.11553,410,90
0.115515,510,80
0.115474,650,80
0.115436,290,110
0.115412,830,70
0.115393,90,170
0.115243,500,80
0.115223,660,80
0.115209,340,100
0.115148,170,140
0.115131,140,150
0.114968,400,90
0.114953,670,80
0.114939,490,80
0.114927,240,120
0.114796,810,80
0.114702,200,130
0.114672,680,80
0.114604,480,80
0.114587,110,160
0.114557,280,110
0.114503,860,10
0.114477,330,100
0.114436,840,50
0.114385,690,80
0.114385,390,90
0.114375,940,200
0.114289,920,290
0.114241,850,30
0.114239,470,80
0.114108,920,220
0.114104,800,80
0.114101,700,80
0.114002,820,70
0.11393,40,190
0.113884,830,60
0.113868,230,120
0.113847,60,180
0.113846,460,80
0.113829,710,80
0.113782,380,90
0.113741,160,140
0.113724,320,100
0.113688,20,200
0.113653,270,110
0.113612,790,80
0.113578,720,80
0.113546,130,150
0.113538,1030,190
0.113468,80,170
0.113461,190,130
0.113427,450,80
0.113361,730,80
0.11329,780,80
0.11319,740,80
0.113159,370,90
0.113109,770,80
0.113079,750,80
0.113046,760,80
0.112989,840,40
0.112982,440,80
0.112955,930,210
0.112948,310,100
0.112882,810,70
0.11282,100,160
0.112777,220,120
0.112736,850,20
0.112721,260,110
0.112516,360,90
0.112514,430,80
0.112492,920,230
0.112487,950,200
0.11239,580,70
0.112382,920,280
0.112382,590,70
0.112364,570,70
0.112341,600,70
0.112335,830,50
0.112306,450,450
0.112304,560,70
0.112301,150,140
0.112295,820,60
0.112268,610,70
0.11221,550,70
0.112188,180,130
0.112166,620,70
0.11215,300,100
0.112081,540,70
0.112036,630,70
0.112022,420,80
0.112011,800,70
0.111931,120,150
0.111919,530,70
0.111882,640,70
0.111853,350,90
0.111762,250,110
0.111741,50,180
0.111724,520,70
0.111707,650,70
0.111661,30,190
0.111656,210,120
0.111521,70,170
0.111516,660,70
0.111508,940,350
0.111508,410,80
0.111496,510,70
0.111477,840,30
0.111405,930,320
0.111351,790,70
0.111348,920,240
0.111329,290,100
0.111314,670,70
0.111252,10,200
0.111237,500,70
0.11119,920,270
0.11117,340,90
0.111128,850,10
0.111106,680,70
0.111028,90,160
0.111008,810,60
0.110973,400,80
0.110948,490,70
0.11091,1010,450
0.110901,690,70
0.110882,170,130
0.110869,780,70
0.11083,140,140
0.110776,240,110
0.110756,830,40
0.11072,920,250
0.11071,960,200
0.110705,700,70
0.110652,920,260
0.11063,480,70
0.110594,820,50
0.110576,1070,270
0.110538,770,70
0.110528,710,70
0.110503,200,120
0.110484,280,100
0.110466,330,90
0.110416,390,80
0.11038,720,70
0.110334,760,70
0.110288,110,150
0.110284,470,70
0.110272,730,70
0.110233,750,70
0.110219,740,70
0.109978,800,60
0.109912,460,70
0.109912,930,220
0.109893,840,20
0.10984,380,80
0.10979,940,210
0.10976,230,110
0.109742,320,90
0.10962,40,180
0.109614,270,100
0.109555,60,170
0.109545,160,130
0.109514,450,70
0.109382,20,190
0.109329,130,140
0.10932,190,120
0.109244,370,80
0.109213,80,160
0.109167,790,60
0.109161,810,50
0.109137,830,30
0.109092,440,70
0.108996,310,90
0.108993,970,200
0.108886,820,40
0.108719,260,100
0.108717,220,110
0.108646,430,70
0.108627,360,80
0.108619,100,150
0.108609,590,60
0.108599,580,60
0.10859,600,60
0.108559,570,60
0.108546,610,60
0.108543,780,60
0.108507,440,450
0.10849,560,60
0.108477,620,60
0.108391,550,60
0.108386,630,60
0.108339,960,390
0.108276,640,60
0.108261,540,60
0.108235,840,10
0.108229,300,90
0.108178,420,70
0.108178,150,130
0.108152,650,60
0.108107,180,120
0.1081,530,60
0.108078,770,60
0.108017,660,60
0.107991,350,80
0.107991,800,50
0.107988,950,370
0.10791,520,60
0.107877,670,60
0.107868,930,310
0.107801,120,140
0.107799,250,100
0.107745,760,60
0.107739,680,60
0.10769,510,60
0.107688,410,70
0.107644,210,110
0.107608,690,60
0.107572,50,170
0.107524,750,60
0.107493,700,60
0.107487,30,180
0.107472,830,20
0.107442,500,60
0.107439,290,90
0.107403,710,60
0.107396,740,60
0.107377,70,160
0.107349,720,60
0.107342,730,60
0.107336,340,80
0.107328,810,40
0.10732,930,230
0.10724,980,200
0.107178,400,70
0.107166,490,60
0.107162,820,30
0.107095,10,190
0.107048,790,50
0.106927,90,150
0.106864,170,120
0.106862,480,60
0.106852,240,100
0.106783,140,130
0.10666,330,80
0.106646,390,70
0.106629,950,210
0.106626,280,90
0.106543,200,110
0.106533,470,60
0.106298,780,50
0.106246,110,140
0.106179,460,60
0.106095,380,70
0.106039,800,40
0.105963,320,80
0.105879,230,100
0.1058,450,60
0.105791,270,90
0.105758,830,10
0.105712,770,50
0.105649,940,220
0.105593,160,120
0.105575,40,170
0.105524,370,70
0.105524,60,160
0.105514,1070,180
0.105501,810,30
0.105415,820,20
0.105414,190,110
0.105398,440,60
0.10536,130,130
0.105357,940,340
0.105344,20,180
0.105281,930,300
0.105275,990,200
0.105265,760,50
0.105247,310,80
0.105225,930,240
0.105214,80,150
0.105046,600,50
0.105042,590,50
0.105028,610,50
0.105014,580,50
0.104991,620,50
0.104981,790,40
0.104973,430,60
0.104961,570,50
0.104936,630,50
0.104936,750,50
0.104933,360,70
0.104931,260,90
0.104882,560,50
0.10488,220,100
0.104869,640,50
0.104791,650,50
0.104776,550,50
0.104709,660,50
0.104705,740,50
0.104668,100,140
0.104643,540,50
0.104627,670,50
0.104554,730,50
0.104551,680,50
0.104526,420,60
0.104509,300,80
0.104489,690,50
0.104484,530,50
0.10447,720,50
0.104449,700,50
0.104439,710,50
0.104323,350,70
0.104297,520,50
0.104294,150,120
0.104257,180,110
0.10412,780,40
0.104111,800,30
0.104083,510,50
0.104059,410,60
0.104048,250,90
0.103912,120,130
0.103854,210,100
0.103843,500,50
0.10375,290,80
0.103694,340,70
0.103671,810,20
0.103664,930,250
0.103655,50,160
0.10364,820,10
0.103578,490,50
0.103571,400,60
0.103567,30,170
0.103541,930,290
0.103481,70,150
0.103428,770,40
0.103425,960,210
0.103366,1040,190
0.103287,480,50
0.103195,10,180
0.10314,240,90
0.103073,170,110
0.103068,90,140
0.103062,390,60
0.103044,330,70
0.102972,470,50
0.102969,280,80
0.102968,140,120
0.102954,790,30
0.10288,760,40
0.102802,200,100
0.102788,1000,200
0.102674,930,260
0.102633,460,50
0.102567,930,280
0.102535,380,60
0.102454,750,40
0.102439,110,130
0.102375,320,70
0.102295,930,270
0.102271,450,50
0.102207,230,90
0.102199,800,20
0.102166,270,80
0.102131,740,40
0.102002,940,230
0.101998,780,30
0.101987,370,60
0.101894,730,40
0.101887,440,50
0.101863,160,110
0.101834,810,10
0.101773,40,160
0.101732,60,150
0.101727,720,40
0.101724,190,100
0.101698,610,40
0.101691,620,40
0.10169,600,40
0.101687,310,70
0.101671,630,40
0.101664,590,40
0.101642,640,40
0.101619,580,40
0.101619,710,40
0.101618,130,120
0.101608,650,40
0.101574,660,40
0.101556,700,40
0.101552,570,40
0.101551,20,170
0.101545,670,40
0.101528,690,40
0.101528,680,40
0.101481,430,50
0.101463,560,40
0.101449,80,140
0.101421,360,60
0.101412,1070,340
0.101351,550,40
0.101341,260,80
0.101281,950,220
0.10125,220,90
0.101215,540,40
0.101214,770,30
0.101054,420,50
0.101054,530,40
0.100978,300,70
0.10096,790,20
0.100945,100,130
0.100869,520,40
0.100836,350,60
0.10066,510,40
0.100641,940,330
0.100628,150,110
0.10062,180,100
0.100607,410,50
0.100578,760,30
0.100493,250,80
0.100427,500,40
0.100296,800,10
0.100269,210,90
0.100248,290,70
0.100244,120,120
0.100231,340,60
0.10017,490,40
0.10014,400,50
0.100104,970,210
0.100067,750,30
0.0999681,50,150
0.0999239,780,20
0.0998905,480,40
0.0998806,30,160
0.0998113,70,140
0.0996624,740,30
0.0996534,390,50
0.0996223,240,80
0.0996078,330,60
0.0995877,470,40
0.0995283,10,170
0.0994979,280,70
0.099492,170,100
0.0994311,90,130
0.0993851,950,360
0.0993681,140,110
0.0993475,730,30
0.0992632,200,90
0.0992626,460,40
0.0992204,1010,200
0.0991477,380,50
0.0991074,720,30
0.0990613,770,20
0.0989915,790,10
0.0989651,320,60
0.098929,710,30
0.0989159,450,40
0.0988878,940,240
0.0988486,110,120
0.0988006,700,30
0.0987287,230,80
0.0987267,270,70
0.098712,690,30
0.098654,680,30
0.098623,370,50
0.0986187,670,30
0.098599,660,30
0.0985886,650,30
0.098582,640,30
0.0985747,630,30
0.0985624,620,30
0.098548,440,40
0.0985416,610,30
0.0985093,600,30
0.0985008,1080,180
0.098463,590,30
0.0984006,580,30
0.0983482,760,20
0.0983393,160,100
0.0983204,570,30
0.0983032,310,60
0.0982334,190,90
0.098221,560,30
0.0981923,40,150
0.0981594,430,40
0.0981585,60,140
0.0981015,550,30
0.0980855,130,110
0.0980797,360,50
0.0979803,20,160
0.0979609,540,30
0.0979344,260,70
0.0978985,80,130
0.0978887,780,10
0.0978122,220,80
0.097799,530,30
0.0977631,750,20
0.0977507,420,40
0.0976219,300,60
0.0976152,520,30
0.0975198,970,400
0.0975178,350,50
0.0974326,100,120
0.0974095,510,30
0.0973224,410,40
0.0972872,740,20
0.097182,500,30
0.0971801,180,90
0.0971633,150,100
0.0971329,940,320
0.0971208,250,70
0.0969602,770,10
0.0969374,340,50
0.0969327,490,30
0.096921,290,60
0.0969038,730,20
0.0968748,400,40
0.096873,210,80
0.0967811,120,110
0.0967507,960,220
0.0966619,480,30
0.0965984,720,20
0.0965409,980,210
0.0964922,50,140
0.0964913,950,230
0.0964084,390,40
0.0964068,30,150
0.0963699,470,30
0.0963578,710,20
0.0963495,70,130
0.0963385,330,50
0.0963381,940,250
0.0962858,240,70
0.0962004,280,60
0.0961821,760,10
0.0961707,700,20
0.0961037,170,90
0.0960745,10,160
0.0960571,460,30
0.0960268,690,20
0.0959978,90,120
0.0959651,140,100
0.0959233,380,40
0.0959171,680,20
0.0959112,200,80
0.0958337,670,20
0.0957695,660,20
0.0957238,450,30
0.0957211,320,50
0.0957184,650,20
0.0956748,640,20
0.095634,630,20
0.0955918,620,20
0.0955447,610,20
0.0955334,750,10
0.0954896,600,20
0.0954598,270,60
0.0954565,110,110
0.0954293,230,70
0.0954238,590,20
0.09542,370,40
0.0953705,440,30
0.0953451,580,20
0.0952518,570,20
0.0951423,560,20
0.0950851,310,50
0.0950782,960,380
0.0950154,550,20
0.095005,160,90
0.0949976,430,30
0.0949957,740,10
0.0949271,190,80
0.0948984,360,40
0.0948702,540,20
0.0948147,40,140
0.0947861,60,130
0.0947456,130,100
0.0947061,530,20
0.0946992,260,60
0.094663,940,310
0.0946138,20,150
0.0946055,420,30
0.0945525,730,10
0.0945515,220,70
0.0945461,80,120
0.0945225,520,20
0.0944305,300,50
0.0943805,940,260
0.0943589,350,40
0.0943192,510,20
0.0941945,410,30
0.0941896,720,10
0.0941131,100,110
0.0940961,500,20
0.0939212,180,80
0.0939185,250,60
0.093894,710,10
0.0938849,150,90
0.093853,490,20
0.0938014,340,40
0.0937651,400,30
0.0937571,290,50
0.0936546,700,10
0.0936524,210,70
0.0935901,480,20
0.0935587,1020,200
0.093506,120,100
0.0934613,690,10
0.0933174,390,30
0.0933076,470,20
0.0933052,680,10
0.0932261,330,40
0.0932102,50,130
0.0931784,670,10
0.093128,30,140
0.0931176,240,60
0.093103,940,300
0.0930791,70,120
0.0930739,660,10
0.0930649,280,50
0.093042,940,270
0.0930056,460,20
0.0929857,650,10
0.0929082,640,10
0.0928939,170,80
0.0928672,950,350
0.0928518,380,30
0.0928367,630,10
0.0928157,10,150
0.092767,620,10
0.0927523,90,110
0.0927441,140,90
0.0927323,200,70
0.0926954,610,10
0.0926845,450,20
0.0926329,320,40
0.092619,600,10
0.0925362,990,210
0.0925348,590,10
0.0924407,580,10
0.0923684,370,30
0.0923571,940,290
0.0923543,940,280
0.0923537,270,50
0.0923444,440,20
0.0923348,570,10
0.0922966,230,60
0.0922897,950,240
0.0922477,110,100
0.0922154,560,10
0.0920811,550,10
0.0920217,310,40
0.0919858,430,20
0.0919719,970,220
0.0919311,540,10
0.0918675,360,30
0.0918461,160,80
0.0917915,190,70
0.0917644,530,10
0.0916237,40,130
0.0916235,260,50
0.0916089,420,20
0.0915987,60,120
0.0915836,130,90
0.0915804,520,10
0.0914556,220,60
0.0914344,20,140
0.0913927,300,40
0.0913787,510,10
0.0913757,80,110
0.0913492,350,30
0.091214,410,20
0.0911591,500,10
0.0909719,100,100
0.0909212,490,10
0.0908743,250,50
0.0908304,180,70
0.0908136,340,30
0.0908013,400,20
0.0907783,150,80
0.0907457,290,40
0.0907268,960,230
0.0906652,480,10
0.0905947,210,60
0.0904046,120,90
0.090391,470,10
0.0903712,390,20
0.0902607,330,30
0.0901066,50,120
0.0901061,240,50
0.0900987,460,10
0.0900808,280,40
0.0900287,30,130
0.089985,70,110
0.0899238,380,20
0.0898496,170,70
0.0897884,450,10
0.089736,10,140
0.0897142,200,60
0.0896914,140,80
0.0896906,320,30
0.0896801,90,100
0.0894604,440,10
0.0894593,370,20
0.0893978,270,40
0.089319,230,50
0.0892083,110,90
0.0891148,430,10
0.0891033,310,30
0.088978,360,20
0.0888496,160,70
0.0888144,190,60
0.0887519,420,10
0.0886968,260,40
0.0886964,950,250
0.0886047,40,120
0.0885863,130,80
0.0885818,60,110
0.0885131,220,50
0.0884989,300,30
0.0884798,350,20
0.0884272,20,130
0.0883736,80,100
0.0883719,410,10
0.0880255,950,340
0.0879957,100,90
0.0879777,250,40
0.0879749,400,10
0.0879649,340,20
0.0878958,180,60
0.0878772,290,30
0.087831,150,70
0.0877568,1000,210
0.0877537,980,410
0.0876885,210,50
0.0875611,390,10
0.087464,120,80
0.0874335,330,20
0.0872408,240,40
0.0872384,280,30
0.0871676,50,110
0.0871309,380,10
0.0870947,30,120
0.0870539,70,100
0.0869587,170,60
0.0868854,320,20
0.0868457,200,50
0.0868211,10,130
0.0868189,980,220
0.0867948,140,70
0.0867681,90,90
0.0866842,370,10
0.0865824,270,30
0.086486,230,40
0.0863256,110,80
0.0863209,310,20
0.0862212,360,10
0.0860038,160,60
0.0859848,190,50
0.0859093,260,30
0.0857443,40,110
0.0857422,350,10
0.0857416,130,70
0.08574,300,20
0.0857248,950,260
0.0857225,60,100
0.0857135,220,40
0.0855786,20,120
0.0855269,80,90
0.0853708,960,240
0.0853428,960,370
0.0852471,340,10
0.0852191,250,30
0.0851721,100,80
0.0851425,290,20
0.0851062,180,50
0.0850317,150,60
0.0849236,210,40
0.084736,330,10
0.0846725,120,70
0.0846256,970,230
0.0845555,950,330
0.0845287,280,20
0.084512,240,30
0.0843809,50,100
0.0843134,30,110
0.0842735,70,90
0.0842105,170,50
0.084209,320,10
0.0841164,200,40
0.0840582,10,120
0.084043,140,60
0.0840046,90,80
0.0838986,270,20
0.0838854,1030,200
0.0837881,230,30
0.0836663,310,10
0.0835883,110,70
0.0833878,950,270
0.0832982,160,50
0.0832924,190,40
0.0832522,260,20
0.0831077,300,10
0.0830475,220,30
0.0830387,130,60
0.0830307,40,100
0.0830091,60,90
0.0828768,20,110
0.0828245,80,80
0.0825896,250,20
0.0825335,290,10
0.0824901,100,70
0.0824519,180,40
0.0823698,150,50
0.0822904,210,30
0.0822313,950,320
0.0820194,120,60
0.0819436,280,10
0.081911,240,20
0.0817352,50,90
0.0817023,950,280
0.0816735,30,100
0.0816376,1010,210
0.0816329,70,80
0.0815953,170,40
0.0815172,200,30
0.081436,10,110
0.081426,140,50
0.081379,90,70
0.0813404,1050,190
0.0813382,270,10
0.0812164,230,20
0.0811021,990,220
0.0809862,110,60
0.0808869,950,310
0.0807585,970,390
0.0807282,190,30
0.0807232,160,40
0.0807173,260,10
0.0806941,950,290
0.080684,960,250
0.0805062,220,20
0.0804676,130,50
0.0804532,40,90
0.0804311,60,80
0.0804028,950,300
0.0803107,20,100
0.0802559,80,70
0.0800811,250,10
0.0799398,100,60
0.0799236,180,30
0.079836,150,40
0.0797804,210,20
0.0794952,120,50
0.0794296,240,10
0.0792204,50,80
0.0791646,30,90
0.0791222,70,70
0.0791041,170,30
0.0790395,200,20
0.0789926,990,420
0.0789441,10,100
0.0789345,140,40
0.0788814,90,60
0.0787631,230,10
0.0785098,110,50
0.0782836,190,20
0.0782699,160,30
0.0782682,960,360
0.0780817,220,10
0.0780762,980,230
0.0780583,970,240
0.0780193,130,40
0.078002,40,80
0.0779789,60,70
0.0778707,20,90
0.0778119,80,60
0.0775132,180,20
0.0775121,100,50
0.0774218,150,30
0.0773858,210,10
0.0770911,120,40
0.0768272,50,70
0.0767775,30,80
0.0767323,70,60
0.0767287,170,20
0.0766755,200,10
0.0766595,960,260
0.0765732,10,90
0.0765601,140,30
0.0765032,90,50
0.0761506,110,40
0.0759511,190,10
0.0759305,160,20
0.0756857,130,30
0.0756684,40,70
0.0756438,60,60
0.0755479,20,80
0.0754838,80,50
0.0752131,180,10
0.0751987,100,40
0.0751192,150,20
0.074799,120,30
0.0745474,50,60
0.0745312,1000,220
0.0745037,30,70
0.0744618,170,10
0.074455,70,50
0.0743148,10,80
0.0742952,140,20
0.0742362,90,40
0.0740079,470,460
0.0739009,110,30
0.0736976,160,10
0.0734592,130,20
0.0734443,40,60
0.0734179,60,50
0.0733342,20,70
0.0732898,960,270
0.073264,80,40
0.0732433,960,350
0.0731831,1020,210
0.072992,100,30
0.0729211,150,10
0.0726117,120,20
0.0723733,50,50
0.0723355,30,60
0.0722829,70,40
0.0722418,970,250
0.0721613,10,70
0.0721327,140,10
0.0720732,90,30
0.0717535,110,20
0.071333,130,10
0.0713223,40,50
0.0712939,60,40
0.0712223,20,60
0.0711453,80,30
0.0709282,990,230
0.0708852,100,20
0.070573,960,280
0.0705225,120,10
0.0702979,50,40
0.0702661,30,50
0.0702656,980,240
0.070209,70,30
0.0701058,10,60
0.0700076,90,20
0.0698286,960,340
0.069702,110,10
0.0692959,40,40
0.0692653,60,30
0.0692056,20,50
0.0691418,970,380
0.0691213,80,20
0.0688719,100,10
0.068517,960,290
0.068315,50,30
0.0682889,30,40
0.0682272,70,20
0.0681418,10,50
0.068033,90,10
0.0677067,960,330
0.067359,40,30
0.0673261,60,20
0.0672778,20,40
0.067186,80,10
0.0671447,960,300
0.0671389,970,260
0.0666501,960,320
0.0666476,1010,220
0.0664989,960,310
0.0664187,50,20
0.0663982,30,30
0.0663802,1040,200
0.0663317,70,10
0.0662636,10,40
0.0658234,1000,430
0.0655059,40,20
0.0654706,60,10
0.0654335,20,30
0.0650534,980,400
0.0646037,50,10
0.0645886,30,20
0.0644658,10,30
0.0637316,40,10
0.0636675,20,20
0.0633111,980,250
0.0629787,1000,230
0.0628552,30,10
0.0627436,10,20
0.0627142,970,270
0.0619751,20,10
0.0618953,990,240
0.0611658,970,370
0.0610923,10,10
0.0605483,1030,210
0.0589411,970,280
0.0581465,1070,320
0.0571296,980,260
0.0566959,1020,220
0.0558447,970,360
0.0558059,970,290
0.053954,1010,230
0.0538475,990,250
0.0533106,970,300
0.0528503,1000,240
0.0525072,970,350
0.051647,980,270
0.0514776,970,310
0.0506834,970,340
0.0503654,980,390
0.0503576,970,320
0.0500429,970,330
0.0484324,800,470
0.0475211,1070,240
0.0471516,990,410
0.0468067,980,280
0.0466304,990,260
0.0438515,1000,250
0.0434843,1020,230
0.0433614,1030,220
0.0430656,1010,240
0.0425702,980,290
0.041653,1060,260
0.0409467,980,380
0.0401174,990,270
0.0400926,1040,210
0.039583,530,480
0.0389153,980,300
0.0362875,1060,250
0.0358377,980,310
0.0357135,1000,260
0.0351467,980,370
0.0342181,990,280
0.0340188,1060,190
0.0334374,1010,250
0.0333594,980,320
0.0328329,1050,200
0.0325872,1020,240
0.0319137,980,360
0.0315461,980,330
0.0310697,1030,230
0.0305397,980,350
0.0305312,980,340
0.0296423,1070,280
0.0288716,990,290
0.0282389,1000,270
0.027964,990,400
0.0258069,1010,440
0.024609,1010,260
0.0241982,1040,220
0.0240317,990,300
0.0235246,1060,270
0.0231461,1000,420
0.0229867,1020,250
0.0217628,1030,240
0.0213094,1000,280
0.019659,990,310
0.0165004,990,390
0.0162899,1010,270
0.016038,1040,230
0.0157301,990,320
0.0148587,1000,290
0.013885,1020,260
0.0134951,1030,250
0.0122655,990,330
0.0117028,1040,240
0.0106291,1060,240
0.0103766,1050,250
0.0100396,990,380
0.00936769,990,340
0.00882727,1000,300
0.00836429,1010,280
0.00737667,1040,250
0.00733945,1050,260
0.00725559,990,350
0.00697754,990,370
0.00628728,990,360
0.00540823,1050,240
0.00487163,1020,270
0.004842,1030,260
0.00406321,1050,210
0.0031316,1000,310
0.000817184,1010,290
0.000415366,1040,260
-0.000944616,1000,410
-0.00232927,1000,320
-0.0024813,1050,230
-0.00407527,1020,280
-0.00476378,1030,270
-0.0050475,1050,270
-0.00568646,1050,220
-0.00638148,1010,300
-0.00762198,1000,330
-0.00998666,1040,270
-0.0114879,1060,280
-0.012704,1000,340
-0.0127621,1020,290
-0.0133682,1010,310
-0.0144221,1000,400
-0.0150188,1030,280
-0.015844,830,470
-0.0173626,1000,350
-0.0191313,1060,330
-0.0193499,1010,430
-0.0203892,1010,320
-0.021062,1020,300
-0.0211981,1000,360
-0.0213704,1000,390
-0.022675,1040,280
-0.0236478,1000,370
-0.0237208,1050,280
-0.0240063,1000,380
-0.0251171,1030,290
-0.0254055,1060,230
-0.0276945,1010,330
-0.0281553,1060,320
-0.0291598,1020,310
-0.0344153,1030,300
-0.0352251,1040,290
-0.0353709,1010,340
-0.0363807,1060,200
-0.0364439,480,470
-0.0375967,1020,320
-0.042168,1050,290
-0.0430809,1030,310
-0.0432084,1010,350
-0.0437278,1010,420
-0.0454779,1040,300
-0.0460336,1070,310
-0.0467738,1060,290
-0.0470414,1020,330
-0.0475125,1090,230
-0.0506857,1010,360
-0.0522894,1030,320
-0.0525499,1070,230
-0.0525512,1060,340
-0.0526337,1060,310
-0.0532742,1040,310
-0.0538868,1050,300
-0.0565388,1010,410
-0.0567909,1060,220
-0.0570856,1010,370
-0.0571514,1050,310
-0.0576419,1070,290
-0.0577495,1050,320
-0.0578909,1020,340
-0.061201,1040,320
-0.0616587,1010,380
-0.0624072,1010,400
-0.0632174,1060,300
-0.0636969,1010,390
-0.0637231,1030,330
-0.0642874,100,480
-0.0655522,1060,210
-0.06662,1050,330
-0.066665,1070,350
-0.0699372,1020,350
-0.0734989,1040,330
-0.0739306,1070,190
-0.0764339,1080,230
-0.0785818,1030,340
-0.0823308,1020,360
-0.0932486,1050,340
-0.0935459,1040,340
-0.0938998,1020,370
-0.0946411,1070,300
-0.0948063,1090,400
-0.0967001,1030,350
-0.0973962,1080,310
-0.103011,1020,450
-0.103641,1020,380
-0.1052,1020,460
-0.110844,1020,440
-0.111061,1020,390
-0.111969,1080,290
-0.116134,1020,400
-0.116394,1030,360
-0.116814,1020,430
-0.118955,1020,410
-0.119361,1020,420
-0.121465,1040,350
-0.13525,1030,370
-0.135595,1060,350
-0.139122,1050,350
-0.151433,1030,380
-0.153086,1070,220
-0.153495,1040,360
-0.154161,810,470
-0.164634,1030,390
-0.167502,460,460
-0.176033,1030,400
-0.176662,1020,470
-0.178492,790,480
-0.183892,1040,370
-0.187515,1030,410
-0.195127,430,460
-0.195349,1050,360
-0.195705,1070,200
-0.201153,1030,420
-0.206738,820,470
-0.208432,1040,380
-0.212469,840,480
-0.214793,1070,210
-0.219896,1030,430
-0.227041,1040,390
-0.230079,420,470
-0.232464,1090,40
-0.24341,1040,400
-0.247005,1060,360
-0.247011,1050,370
-0.247474,710,480
-0.24796,1080,300
-0.250201,1030,440
-0.262347,1040,410
-0.283005,1050,380
-0.287915,1040,420
-0.304035,1050,390
-0.308615,1030,450
-0.320893,1050,400
-0.323638,1070,360
-0.324723,1040,430
-0.340671,1090,290
-0.344985,1050,410
-0.345299,1060,370
-0.353171,1080,220
-0.355145,450,460
-0.369092,1080,190
-0.381711,1050,420
-0.382499,1040,440
-0.393259,440,460
-0.397659,1060,380
-0.408131,1060,390
-0.411506,1060,400
-0.433418,1050,430
-0.433647,470,470
-0.438125,1060,410
-0.440836,1030,460
-0.444643,120,480
-0.464477,110,480
-0.468819,1080,360
-0.484393,1040,450
-0.491244,1060,420
-0.508593,1050,440
-0.510039,1070,400
-0.530006,1090,60
-0.542727,1070,410
-0.546222,1070,370
-0.551095,1080,400
-0.559042,1060,430
-0.567204,1070,390
-0.572806,1080,210
-0.599183,1020,480
-0.62168,1070,380
-0.631272,1050,450
-0.631668,1080,200
-0.635815,1090,410
-0.642186,1060,440
-0.644672,1080,410
-0.645321,1070,420
-0.677231,1090,310
-0.685687,1040,460
-0.739167,490,480
-0.743393,1070,430
-0.764722,1090,360
-0.766586,1060,450
-0.789467,1030,470
-0.817877,1070,440
-0.830013,1090,220
-0.844961,1080,390
-0.853535,1050,460
-0.917781,1070,450
-0.938105,460,470
-0.941883,350,480
-0.967295,1080,420
-0.984363,1060,460
-1.01499,480,480
-1.04179,1090,300
-1.11267,1080,370
-1.11518,1070,460
-1.1218,1080,450
-1.12237,1080,440
-1.13105,1040,470
-1.13891,1080,430
-1.19824,800,480
-1.21562,1080,380
-1.25207,1090,50
-1.26929,1080,460
-1.28825,1050,470
-1.29332,430,470
-1.31809,420,480
-1.32534,360,480
-1.36053,1090,390
-1.38935,1060,470
-1.41534,1090,450
-1.45903,450,470
-1.46183,1090,460
-1.47279,740,480
-1.48134,470,480
-1.50268,810,480
-1.51504,1070,470
-1.52406,1090,210
-1.65352,830,480
-1.65821,1090,190
-1.68138,1080,470
-1.73574,440,470
-1.78237,1090,440
-1.88693,820,480
-1.92172,1030,480
-1.93111,1090,470
-2.07381,730,480
-2.1742,1060,480
-2.20806,1090,200
-2.21923,1050,480
-2.23629,1090,420
-2.28298,1040,480
-2.3482,720,480
-2.36655,1070,480
-2.47623,1090,430
-2.73577,1080,480
-2.73836,460,480
-3.17927,1090,480
-3.4377,1090,370
-3.54853,1090,380
-4.37461,450,480
-5.42317,430,480
-6.49396,440,480
